user_id,product_id,rating
39,163,3.3
120,82,2.7
153,108,2.0
145,112,4.0
98,85,3.7
149,200,3.7
141,189,3.7
64,162,3.7
96,129,3.4
140,76,3.9
7,77,2.7
114,9,3.1
182,32,2.7
67,199,3.0
69,181,3.2
94,28,4.2
193,26,1.9
178,107,2.7
12,173,2.7
17,176,2.8
142,132,2.7
194,65,4.1
1,148,4.0
106,64,3.7
101,140,3.8
117,89,2.5
95,158,3.6
157,57,3.4
149,43,2.8
119,39,3.1
91,68,3.4
5,80,3.0
36,156,3.8
7,53,2.4
89,98,3.3
106,168,1.9
16,137,2.8
172,55,5.0
89,58,2.7
187,56,2.5
8,23,2.8
163,108,3.4
151,151,3.1
71,173,3.5
162,74,2.8
37,158,3.3
51,8,2.8
19,198,4.2
14,177,3.5
4,109,3.1
132,139,5.0
43,7,2.8
27,33,5.0
200,190,3.6
105,83,3.0
53,117,2.9
26,188,3.1
188,159,3.8
15,69,2.6
167,182,2.8
16,31,2.8
32,3,2.5
84,115,3.4
46,87,4.2
31,112,2.9
193,158,3.7
81,172,3.1
124,136,4.4
139,101,4.3
185,64,2.6
157,21,4.0
11,192,2.7
99,111,3.7
132,195,3.3
34,137,4.0
23,139,3.0
20,129,2.8
176,178,2.8
8,15,2.5
172,179,3.1
77,99,3.6
123,135,4.0
117,194,4.7
104,158,3.2
49,144,3.3
45,72,3.0
67,64,2.6
16,26,3.7
159,44,3.2
68,120,2.2
102,156,4.0
16,1,4.2
34,61,2.7
156,161,2.8
27,65,2.7
12,11,3.1
165,46,2.8
200,86,3.2
144,98,3.0
19,193,4.1
1,163,4.7
90,26,2.4
33,79,2.5
7,162,4.6
76,154,3.6
33,120,2.3
35,195,3.6
16,151,3.8
168,2,2.8
44,185,2.7
177,188,4.2
21,58,2.7
61,52,2.8
65,66,3.0
199,88,2.6
177,49,3.4
21,129,4.4
82,200,4.1
33,35,4.7
41,35,4.8
39,109,2.7
94,48,3.5
107,17,3.5
155,195,2.6
83,37,3.4
169,170,4.2
197,124,1.6
49,94,2.4
106,154,3.3
27,66,3.1
135,157,2.9
21,17,4.6
95,17,2.5
123,177,2.6
140,105,2.8
146,187,3.2
25,32,3.4
18,68,3.1
152,172,3.2
42,26,4.7
92,198,2.5
131,97,4.2
161,186,2.1
102,164,3.4
59,2,3.5
30,43,3.1
106,196,3.7
130,83,2.6
11,124,3.2
192,52,3.4
102,73,3.2
55,11,3.4
126,57,2.8
64,144,2.2
30,4,2.3
16,86,3.4
31,57,3.2
81,78,2.8
194,172,3.6
191,190,2.3
119,93,2.2
103,17,3.9
194,58,4.1
39,184,2.8
28,169,2.7
8,7,3.3
64,137,3.4
108,147,2.2
76,40,3.0
153,172,3.1
19,166,3.3
103,96,3.6
109,29,3.5
149,28,3.9
59,179,3.1
41,172,3.3
82,193,2.2
146,109,4.2
57,104,3.1
66,183,2.6
105,19,2.3
164,97,3.9
152,44,3.4
160,183,4.6
11,60,3.1
28,199,2.6
196,14,3.6
77,58,2.6
120,175,2.6
154,68,3.1
17,197,4.6
190,71,4.1
59,123,4.3
129,126,3.4
19,115,2.0
62,114,2.8
97,177,3.2
56,15,2.1
87,81,2.8
196,57,3.8
184,52,4.2
115,176,4.1
179,146,3.8
80,88,4.5
138,65,4.2
52,114,3.6
94,148,4.1
96,52,3.8
157,175,2.7
200,9,3.5
153,113,2.8
59,198,2.3
184,42,3.5
182,73,4.5
106,191,3.9
159,123,3.6
66,35,2.7
149,41,3.2
93,180,2.8
91,98,3.5
103,141,4.3
25,76,2.9
18,142,2.0
29,93,2.9
63,58,2.8
1,5,3.1
142,149,1.7
133,20,3.4
148,199,3.6
165,55,3.5
142,45,3.8
105,165,2.2
15,185,3.1
157,96,2.7
138,37,3.1
76,39,3.4
195,66,4.4
120,49,3.5
110,13,5.0
134,106,2.7
178,56,2.5
167,150,2.4
113,135,3.5
28,146,4.9
37,96,2.9
17,22,3.7
134,157,2.9
129,127,2.8
173,181,3.3
57,84,3.8
17,12,3.0
169,28,2.6
102,12,4.3
138,123,3.7
81,163,3.8
143,74,2.2
48,102,3.7
58,95,3.5
75,172,3.3
29,112,3.0
59,143,3.0
34,83,3.0
25,51,2.9
94,111,3.0
155,176,2.2
54,159,3.9
18,120,2.5
131,47,3.2
185,169,2.2
160,106,2.5
78,50,4.6
183,75,4.4
3,66,2.9
192,125,3.6
190,62,3.1
189,18,2.0
62,4,2.3
89,93,3.8
111,20,3.7
55,53,4.5
40,185,3.2
66,41,1.9
193,60,3.8
19,121,2.4
88,48,3.3
64,54,2.5
167,22,4.3
101,186,4.1
176,149,3.3
171,116,3.0
60,148,3.0
62,24,2.1
170,39,4.3
87,171,3.7
55,187,3.1
36,30,3.4
200,56,2.6
104,190,4.3
28,8,4.2
17,68,3.2
29,108,2.4
183,1,2.4
166,30,3.2
100,150,4.2
85,149,3.4
87,146,3.3
159,7,3.6
45,120,4.5
69,110,1.9
41,181,2.1
43,90,3.2
117,49,3.2
58,62,4.0
192,98,3.5
71,69,3.9
110,133,1.6
136,82,3.0
187,173,3.5
128,189,3.4
177,140,4.2
183,140,3.2
126,133,3.4
160,75,3.0
135,1,2.1
101,197,3.5
178,170,2.3
110,45,2.9
162,131,2.8
101,20,2.5
150,81,2.5
51,147,2.8
160,175,3.9
119,44,2.9
13,180,3.7
163,127,3.4
8,200,1.6
90,134,3.0
137,121,1.5
117,70,4.3
151,7,2.3
75,182,3.1
178,109,3.2
192,92,4.1
148,103,3.4
155,113,2.0
22,16,3.3
169,157,4.1
61,145,1.9
48,199,2.8
172,200,3.4
62,106,3.0
75,72,3.0
96,76,2.2
22,53,2.5
196,171,3.5
47,118,1.7
75,26,1.8
86,17,2.9
162,111,2.7
188,138,3.6
82,102,2.9
122,72,3.0
185,79,3.8
70,58,3.6
65,170,3.2
135,100,2.1
43,73,3.7
36,97,3.5
70,8,3.2
91,116,5.0
151,173,2.6
118,9,4.4
2,133,3.4
96,186,2.8
46,168,3.1
139,123,3.0
57,149,3.7
152,82,3.2
189,4,3.5
175,84,2.8
95,151,3.2
160,64,3.7
84,130,2.7
7,33,3.4
148,37,2.7
162,14,3.7
165,39,2.5
23,120,4.7
124,38,2.7
126,90,4.1
10,100,3.7
35,144,4.4
130,123,4.3
51,196,3.5
28,168,2.8
90,102,3.4
179,164,3.2
197,135,2.6
99,86,3.8
125,172,2.3
127,185,3.0
138,184,3.3
54,118,1.8
113,34,4.0
188,27,3.1
143,24,3.3
62,9,3.0
144,110,3.8
38,116,4.6
102,119,2.1
157,56,3.0
99,59,3.3
140,144,3.9
170,194,2.9
117,109,3.9
81,182,4.4
76,36,3.3
109,136,2.7
106,50,3.1
144,27,2.4
154,137,4.1
65,137,3.4
184,137,3.9
40,94,3.6
63,165,3.2
71,1,4.6
36,135,3.4
98,197,2.1
176,4,3.6
72,140,3.2
46,190,2.2
35,42,2.2
63,1,4.1
200,46,3.0
108,182,3.2
4,65,2.7
126,167,3.4
136,20,3.8
88,194,3.0
18,166,3.1
96,119,3.1
68,107,2.7
90,68,4.5
145,96,3.8
29,113,3.5
26,12,2.4
28,104,3.3
186,21,3.2
21,12,4.1
105,85,2.7
25,54,2.7
186,41,2.9
28,191,2.0
115,83,3.1
138,135,3.8
78,67,4.3
29,189,3.2
143,87,2.6
8,167,4.1
200,73,2.4
73,119,2.5
120,119,2.8
80,93,4.2
93,198,2.0
166,111,3.9
30,132,2.5
180,83,2.2
170,28,4.8
14,111,2.8
196,37,3.8
159,52,2.8
16,169,4.8
72,71,3.5
123,119,3.0
30,147,3.5
34,59,3.1
169,173,4.3
182,95,3.1
164,111,3.4
123,86,3.3
176,175,3.9
15,103,2.1
17,167,2.8
186,28,3.6
132,189,2.8
97,188,2.3
74,18,4.3
146,99,3.2
116,15,2.4
71,183,3.4
179,120,3.6
142,127,2.5
107,48,3.3
171,155,4.3
188,87,2.8
105,110,3.6
193,1,3.1
142,70,2.2
29,194,3.5
200,171,5.0
193,71,4.0
136,187,3.5
186,15,3.1
136,134,3.5
131,37,3.8
82,65,4.3
129,25,3.2
118,145,4.1
87,112,4.6
198,85,5.0
170,3,3.2
40,42,4.1
167,66,2.6
156,64,2.8
146,64,3.2
102,192,3.4
151,38,2.3
79,32,3.1
128,140,3.5
190,196,3.4
19,54,4.0
53,24,3.5
161,102,2.9
64,81,2.8
128,59,3.0
134,34,1.9
69,44,4.0
55,38,2.5
140,37,3.7
138,177,4.2
4,55,4.1
9,135,3.4
82,108,3.7
178,76,3.0
142,125,3.0
106,137,2.7
59,37,4.0
170,101,3.6
199,70,3.3
153,121,3.0
30,66,3.2
46,59,3.3
67,69,3.4
58,147,3.0
169,124,3.4
67,171,2.8
48,139,4.8
147,151,2.9
102,184,2.1
161,111,2.7
153,137,1.9
91,192,3.4
55,4,3.1
36,123,2.7
93,26,3.6
45,54,4.4
30,44,3.3
136,105,3.3
93,104,2.8
111,6,3.0
116,21,3.4
118,7,4.5
17,54,2.9
86,113,2.4
97,27,2.7
181,31,3.3
28,165,3.1
152,161,2.9
109,23,5.0
122,105,3.2
192,130,3.1
52,143,3.8
193,126,3.0
58,30,2.9
101,83,3.3
102,117,4.0
138,100,3.5
42,194,3.3
34,106,3.0
101,79,3.9
136,6,3.7
200,119,3.1
6,176,3.5
157,171,3.2
143,19,4.7
34,85,2.4
31,180,2.4
6,4,4.2
150,182,2.3
152,139,3.2
149,49,3.1
168,193,3.3
28,126,4.0
183,6,2.2
74,141,3.0
73,76,2.2
25,18,2.2
28,154,3.1
195,82,5.0
172,110,3.2
103,11,4.5
100,1,4.2
188,68,3.6
99,183,4.2
159,81,3.6
107,99,3.4
96,177,2.8
140,10,3.2
44,48,2.3
132,50,3.5
198,120,4.7
76,31,3.2
158,123,2.5
150,13,2.8
158,57,3.3
102,15,3.6
143,157,3.4
72,12,2.7
158,94,2.6
29,20,4.0
31,179,2.5
180,173,4.5
127,116,2.7
66,175,3.1
94,86,2.6
139,179,3.8
24,70,3.4
3,77,4.9
127,84,4.7
29,46,3.2
40,119,3.2
49,74,2.8
76,143,3.9
162,183,3.7
68,14,2.3
10,142,4.2
164,170,4.1
49,95,2.3
129,91,2.7
72,185,3.9
97,23,3.6
67,124,3.5
84,119,3.0
152,128,3.0
115,3,4.1
148,50,3.8
183,193,2.1
122,47,5.0
131,116,4.1
85,11,4.2
104,10,4.3
68,23,2.0
115,111,2.8
151,75,3.7
156,125,2.9
137,152,2.7
15,81,2.3
129,18,2.9
71,75,4.6
20,187,2.8
92,1,2.1
10,102,4.6
96,157,3.1
190,53,3.3
167,132,3.1
61,5,3.6
103,97,3.9
37,90,3.8
135,138,1.9
159,63,2.5
132,191,3.4
167,97,5.0
45,59,2.2
189,63,3.6
176,79,3.0
6,115,4.6
186,87,4.4
3,55,2.6
97,36,3.5
15,96,3.1
192,149,2.4
64,72,2.9
166,74,2.8
26,71,2.8
171,111,1.8
187,44,3.0
34,128,3.2
47,74,3.5
173,59,1.8
99,186,3.3
153,189,2.9
196,144,3.2
177,21,3.9
191,136,3.0
196,39,4.5
17,91,5.0
15,197,3.2
162,4,3.7
155,79,2.9
104,164,3.8
186,6,3.4
40,148,2.5
63,115,4.2
32,63,2.4
19,18,5.0
152,79,3.1
30,99,4.6
98,141,3.2
54,48,3.7
90,20,3.8
55,127,3.1
200,187,4.2
181,141,3.6
124,175,3.0
66,95,3.3
102,2,3.5
41,141,3.1
28,105,2.5
199,104,4.6
52,68,3.6
167,87,5.0
142,141,2.9
59,77,3.6
154,4,2.6
13,132,3.8
44,78,3.0
141,53,2.4
120,149,3.6
5,51,3.8
131,186,3.6
10,12,2.4
27,61,3.9
27,178,2.4
120,134,3.6
30,195,3.8
51,127,3.9
156,102,2.2
42,49,3.0
29,134,2.4
73,103,2.2
118,159,3.4
152,88,2.7
68,106,3.1
30,122,4.2
9,56,3.1
150,70,3.7
35,155,2.6
76,139,3.9
108,34,3.4
69,72,3.2
148,135,2.7
161,110,2.9
68,37,5.0
139,30,1.9
185,75,2.5
24,141,2.7
141,120,3.5
79,134,3.2
22,163,3.0
197,119,3.7
133,81,4.4
69,101,3.9
106,46,3.6
139,155,3.5
133,130,3.0
197,52,3.1
112,100,3.4
176,135,3.5
158,172,3.2
26,90,4.0
113,26,2.6
166,27,2.4
56,47,4.1
70,176,3.2
149,186,4.2
108,55,3.5
133,161,1.8
161,83,4.1
65,148,4.7
130,92,3.9
100,127,3.1
36,113,3.1
61,193,3.3
145,183,3.3
3,102,3.5
198,156,3.4
167,44,5.0
32,109,3.5
139,74,3.0
62,165,3.5
72,57,4.0
34,88,3.2
92,53,4.2
186,18,2.7
62,159,4.9
86,19,2.7
102,49,3.7
13,194,4.2
68,139,3.1
129,186,3.7
49,19,2.5
72,4,3.5
59,39,2.4
11,117,2.9
16,36,3.3
70,98,3.2
50,126,3.2
50,47,2.7
172,143,2.8
165,158,2.0
12,186,3.2
116,9,4.4
97,192,3.2
10,101,4.0
79,26,2.8
73,106,2.5
99,159,2.7
94,102,2.5
33,123,3.1
37,78,2.4
187,141,4.2
121,158,3.9
180,47,2.4
69,146,2.7
127,57,4.4
145,121,3.6
166,186,3.0
33,192,2.7
60,98,2.5
42,98,2.0
72,122,4.2
146,35,5.0
92,80,4.3
91,121,3.1
196,59,2.8
157,144,3.2
157,123,2.7
102,55,3.9
155,169,2.9
68,59,4.7
82,196,3.0
195,68,2.5
122,30,3.4
112,147,2.6
13,94,4.1
97,44,3.6
161,34,2.4
50,49,2.1
113,200,3.4
62,149,4.3
172,54,4.6
35,186,3.1
141,99,3.7
2,131,2.0
106,116,5.0
55,74,3.8
1,61,3.9
82,76,3.0
99,119,3.4
94,119,4.0
118,87,2.4
91,37,5.0
165,61,2.6
158,5,4.3
9,4,3.4
25,84,2.8
121,119,2.1
122,51,2.9
182,116,3.4
146,197,2.6
195,126,3.1
91,43,3.8
56,33,2.3
103,180,3.1
65,196,1.7
110,141,4.1
176,195,3.4
54,100,2.9
127,104,3.3
90,27,2.4
125,96,3.7
151,171,3.2
19,138,2.7
39,26,3.3
61,31,3.1
157,131,3.2
101,72,3.4
150,49,3.0
197,178,1.9
126,86,3.4
130,57,2.4
29,148,3.4
144,2,4.0
178,65,4.5
150,180,4.2
152,182,2.5
81,1,3.8
99,99,2.7
163,112,3.5
71,117,2.5
191,181,2.8
87,72,3.1
25,168,3.2
172,6,3.7
151,59,3.0
69,149,3.5
39,181,3.6
80,69,2.1
98,58,3.5
66,180,2.4
151,112,4.0
7,83,3.6
8,185,3.4
23,181,4.2
71,24,3.8
108,51,2.7
6,22,3.1
117,9,2.2
155,78,3.0
148,136,3.8
45,65,2.3
78,98,3.6
44,36,2.8
64,122,2.1
165,58,2.3
6,119,3.6
156,200,3.2
59,135,3.1
33,21,4.0
8,191,1.9
15,64,3.2
180,82,3.1
174,197,3.0
108,132,2.7
185,134,2.8
4,45,2.6
198,60,2.8
131,154,3.0
89,123,3.3
140,158,2.3
188,61,4.5
141,18,2.7
44,84,3.2
7,20,3.6
11,5,2.9
146,170,2.9
23,105,4.2
181,167,4.9
48,47,3.3
85,76,2.6
102,106,1.9
152,194,3.6
15,75,4.2
192,55,3.4
178,177,2.3
190,112,2.3
101,19,3.5
96,182,2.7
108,194,5.0
64,151,3.4
14,168,2.8
151,93,3.6
61,10,3.8
163,146,3.0
13,64,3.2
59,33,4.6
100,139,3.0
156,164,3.8
145,134,2.9
73,44,3.7
189,3,4.5
47,104,2.8
87,195,3.5
6,123,4.4
4,29,3.6
112,82,5.0
23,125,3.1
46,119,3.4
63,32,2.8
133,72,2.2
69,148,3.9
178,27,4.0
33,140,3.1
121,78,2.2
18,54,4.4
23,49,2.2
140,71,2.1
134,182,2.4
97,128,2.8
88,80,4.4
103,90,3.0
77,54,2.8
167,75,3.3
53,131,3.2
3,70,3.0
64,28,4.1
166,143,2.6
191,48,3.9
19,159,3.8
5,150,3.2
163,105,3.1
51,60,3.0
88,178,2.1
20,109,4.9
126,178,3.1
56,73,5.0
188,42,4.2
157,125,3.7
45,76,3.5
104,21,4.9
166,31,3.6
121,52,2.6
139,192,4.7
24,146,2.4
116,187,2.4
136,49,4.3
66,110,3.7
189,106,2.3
66,96,4.0
164,67,3.7
42,39,3.9
190,6,2.6
118,73,4.1
188,154,2.3
9,111,2.7
139,117,4.0
24,23,2.7
144,13,3.6
127,194,3.9
156,112,3.3
133,97,4.3
88,104,2.5
16,138,3.5
76,161,3.6
95,120,3.5
184,162,3.7
72,38,2.0
199,34,3.0
155,128,2.5
173,67,2.2
115,115,1.8
5,43,3.5
150,149,2.7
45,98,1.7
135,53,3.1
188,108,4.5
179,104,3.1
95,125,3.0
62,171,4.5
97,15,3.3
191,157,3.0
131,131,2.8
164,14,2.3
67,34,2.4
99,189,3.5
128,123,3.4
141,76,3.2
63,84,3.4
39,80,2.4
114,163,3.5
146,79,2.5
196,159,2.9
48,91,3.2
92,197,3.0
122,171,3.3
119,99,3.5
33,16,2.7
6,171,4.0
80,46,3.5
11,186,3.7
91,200,2.3
182,113,2.4
179,77,3.2
25,183,2.4
37,13,2.1
129,40,3.6
92,178,3.3
127,87,5.0
197,104,3.0
95,9,2.6
38,61,3.6
99,190,3.7
8,108,3.4
119,150,5.0
167,124,3.3
182,151,2.2
194,173,3.2
117,119,3.6
16,17,4.8
57,101,2.7
61,155,1.8
18,3,3.4
62,88,2.3
185,101,3.1
98,107,2.1
101,171,3.3
84,129,3.7
76,191,3.7
40,80,3.0
198,166,3.9
72,128,3.3
99,113,2.0
166,94,3.0
192,116,5.0
193,81,2.5
78,198,4.5
41,5,3.5
169,84,3.1
12,161,3.2
94,62,3.1
28,129,3.8
82,187,2.5
75,76,2.2
137,37,3.2
133,7,3.4
163,9,3.2
164,72,2.9
92,108,3.4
101,94,3.2
42,186,2.3
59,20,2.4
61,38,3.4
73,124,3.0
74,151,3.1
180,91,2.5
125,48,3.1
100,164,2.4
172,155,2.7
131,198,2.0
19,181,4.2
120,54,4.2
110,3,4.2
8,137,2.4
179,85,3.1
21,40,3.1
33,19,2.2
69,88,2.7
128,82,2.9
172,81,2.3
197,3,2.7
159,6,2.8
56,128,2.6
6,164,3.5
92,100,3.8
38,66,3.8
14,142,4.0
54,83,4.0
49,138,4.6
45,100,4.0
109,20,3.7
163,125,1.8
67,143,3.5
93,67,3.1
122,7,4.0
141,94,4.3
99,36,2.7
96,3,4.4
183,98,4.1
188,49,3.3
59,90,3.0
135,61,2.7
181,45,4.1
104,27,3.5
10,118,3.8
104,119,3.5
71,112,3.3
5,186,3.5
59,18,2.1
177,147,3.4
128,86,3.9
179,39,3.8
200,19,2.5
178,102,2.3
108,180,2.5
176,131,4.2
98,174,1.9
141,62,2.3
180,166,4.1
68,186,2.7
127,77,5.0
69,114,3.1
40,92,2.4
105,184,2.3
83,181,2.6
21,36,2.9
118,191,2.3
181,6,2.7
136,95,2.8
54,138,2.9
34,52,3.3
102,13,5.0
146,46,5.0
37,85,3.1
76,133,5.0
104,69,3.5
89,165,4.2
143,172,2.9
129,71,2.6
146,193,1.3
129,12,3.5
143,53,3.3
117,101,4.9
110,171,3.0
148,23,3.7
170,58,3.9
157,165,3.1
114,22,4.0
106,26,2.5
125,32,2.6
11,9,2.2
170,60,4.5
117,177,4.1
67,97,3.6
94,172,2.2
73,42,3.2
133,99,3.7
70,23,3.1
152,125,3.9
57,138,5.0
55,182,2.8
186,113,3.2
79,100,2.8
105,34,4.7
168,200,4.5
90,37,3.9
157,180,3.3
151,2,2.3
82,157,3.3
81,85,3.8
84,91,4.0
105,121,3.5
98,91,4.4
82,190,3.3
189,180,4.7
78,51,2.8
150,41,1.8
168,125,2.6
168,63,2.6
100,6,3.6
143,109,2.6
32,67,3.5
61,142,4.5
30,28,2.9
191,179,3.0
132,106,3.9
45,82,3.1
2,115,3.1
103,139,3.2
57,107,3.0
35,140,4.7
44,191,2.8
160,62,3.7
199,186,3.0
150,115,2.6
77,187,3.7
8,25,2.7
77,25,2.8
63,89,3.2
96,50,2.1
170,71,4.2
9,105,3.5
106,129,2.7
59,191,2.2
55,49,2.7
91,173,2.6
110,157,2.4
169,99,4.0
2,142,2.6
126,31,2.9
149,129,3.4
196,49,4.6
132,162,3.4
32,167,4.6
70,173,4.1
115,184,3.1
88,138,3.9
74,45,2.9
97,25,3.9
103,111,3.5
161,74,3.2
17,178,3.2
181,92,3.8
156,141,3.7
164,60,2.5
153,77,3.3
177,30,2.1
27,196,2.2
17,23,3.5
172,193,3.3
52,44,3.0
143,195,3.3
32,155,3.3
24,59,2.0
174,135,2.3
78,182,4.6
1,175,3.6
56,70,3.7
76,128,4.6
59,131,2.8
101,132,4.1
197,192,3.9
170,55,4.7
117,138,4.3
48,21,3.7
162,56,3.0
58,45,2.9
193,152,2.8
160,31,3.6
73,47,4.6
119,181,3.1
130,112,4.4
98,121,2.8
187,138,2.9
21,56,2.5
89,45,3.4
118,122,3.6
40,1,2.7
107,100,2.7
69,160,3.4
90,168,2.7
52,109,3.4
167,51,3.0
58,8,4.4
116,52,2.4
102,139,2.8
86,91,2.8
143,72,3.9
167,2,3.8
138,194,3.0
37,191,3.0
16,181,3.6
64,111,2.8
52,181,3.9
38,162,2.8
128,146,3.9
125,69,1.9
79,33,3.1
71,166,3.3
10,186,2.8
71,147,2.7
38,104,2.4
123,48,3.4
121,1,3.6
22,65,3.4
66,34,2.8
108,199,4.8
90,120,3.2
165,123,3.2
146,114,4.1
190,194,4.5
148,73,3.4
159,58,2.9
45,105,2.0
43,10,4.8
31,94,3.3
137,60,2.4
68,21,3.1
188,45,4.2
148,163,2.2
197,42,3.5
158,75,3.7
15,181,2.3
1,145,3.4
32,193,2.9
60,163,4.3
1,168,4.2
116,78,4.2
43,183,2.8
105,160,2.1
194,87,4.8
54,125,2.8
9,41,2.1
99,91,3.2
49,33,3.1
86,83,2.5
147,30,3.6
174,40,2.1
8,120,4.7
1,75,3.6
136,185,3.0
84,104,2.6
184,114,4.0
123,175,3.0
3,165,3.0
89,128,3.2
135,39,4.1
100,95,2.7
92,25,2.4
25,46,4.0
192,56,4.4
125,106,3.2
193,191,4.6
36,41,4.2
168,177,4.3
79,145,2.7
161,148,4.1
31,17,5.0
147,157,4.0
179,43,2.4
174,54,2.7
53,177,2.5
182,118,2.0
76,55,2.8
193,83,2.6
96,27,2.2
83,143,3.8
184,91,3.1
139,67,3.0
4,93,2.4
27,37,4.6
107,166,2.9
197,17,4.3
190,81,2.4
84,102,3.0
156,100,3.7
137,75,2.4
70,11,4.0
22,152,4.6
144,92,4.8
21,169,3.3
100,87,3.4
135,7,2.8
199,14,3.1
168,138,2.8
139,64,3.6
199,141,3.5
161,101,3.8
166,163,2.2
47,94,3.8
27,46,5.0
127,112,2.3
56,125,3.3
56,119,2.7
149,171,2.8
177,77,2.8
145,63,3.9
79,186,2.5
112,124,1.9
172,56,3.4
13,129,3.8
87,196,3.6
159,191,4.4
133,146,1.9
98,14,4.1
33,32,3.6
2,200,4.2
45,78,3.4
54,107,3.6
152,13,3.3
133,190,2.8
78,173,3.7
13,162,2.2
44,60,3.5
163,118,2.2
104,75,2.7
174,173,2.9
186,152,2.2
159,127,3.9
137,157,3.0
125,120,3.1
8,125,5.0
158,149,4.1
195,131,3.2
160,45,4.0
151,43,3.6
156,60,3.3
13,42,4.6
159,10,3.1
135,16,2.7
18,171,3.0
148,9,1.8
160,189,4.0
192,1,2.5
142,165,4.2
73,153,2.6
117,190,3.0
29,155,2.3
165,175,3.0
106,146,2.9
75,156,3.6
20,140,3.6
51,164,3.0
184,2,3.6
154,45,3.3
88,33,4.9
143,7,5.0
149,63,3.1
184,176,3.4
75,86,3.0
154,147,5.0
79,158,3.1
177,47,3.5
91,120,4.5
85,122,3.9
125,182,2.8
132,30,2.9
47,26,2.9
174,120,1.6
9,193,2.2
85,123,3.7
55,29,3.2
53,145,2.2
49,123,4.2
59,66,3.9
162,187,2.7
77,36,4.3
48,154,2.6
87,41,3.1
78,101,3.5
146,198,3.2
150,111,2.1
178,37,3.8
19,5,4.1
6,163,3.3
83,98,3.1
52,80,3.9
27,76,2.9
149,89,3.1
132,10,4.7
16,155,4.2
109,176,3.2
118,126,2.9
199,147,4.4
181,119,2.7
10,94,3.5
37,107,3.0
95,93,3.3
195,30,3.7
200,37,2.3
11,183,2.1
29,195,3.6
33,168,2.8
108,50,3.3
113,39,1.8
4,126,3.5
160,168,4.9
105,154,2.8
173,6,2.9
128,157,1.8
118,34,4.1
63,175,2.2
185,83,2.8
44,181,2.2
190,79,2.6
91,11,3.4
21,89,3.4
65,195,3.4
157,164,2.9
25,163,2.7
43,132,4.4
182,177,4.6
80,197,2.8
81,90,1.6
68,20,3.4
153,65,3.2
192,165,3.4
95,104,3.6
39,53,3.9
171,45,2.9
107,118,3.9
72,164,3.4
2,103,2.8
13,175,2.8
135,66,3.6
39,68,2.6
21,121,1.9
79,113,2.5
102,63,3.4
153,173,3.0
35,93,2.7
32,94,3.6
56,191,3.8
92,136,4.5
30,126,3.2
174,72,3.2
104,116,4.3
124,192,2.3
117,43,3.9
49,137,3.1
27,197,3.2
20,169,3.1
102,96,4.7
1,193,2.8
50,162,3.7
13,91,3.1
175,73,3.5
19,168,2.6
161,49,3.0
178,128,2.5
85,40,1.6
19,152,2.9
98,53,2.4
125,118,2.9
15,52,4.4
155,53,2.2
62,13,2.5
189,56,3.6
30,75,3.8
122,145,3.0
60,106,2.6
89,171,3.0
24,134,1.6
178,189,2.2
96,72,3.3
158,89,3.6
20,120,4.1
53,140,2.5
114,173,3.1
156,183,2.9
146,89,3.3
23,114,4.3
162,8,3.9
98,183,2.0
181,51,2.5
136,175,3.4
156,84,4.9
130,151,2.6
64,69,1.9
12,14,3.0
63,113,3.4
118,146,3.4
122,67,2.9
166,34,3.1
60,15,3.4
4,10,2.8
138,187,4.8
143,174,2.8
105,120,3.6
94,170,3.2
185,132,2.8
198,74,2.7
22,47,2.7
67,108,3.6
17,80,3.1
7,168,3.4
12,137,5.0
36,65,3.1
143,51,3.4
72,162,3.2
85,15,2.9
164,177,4.1
9,45,3.7
150,127,3.0
53,199,3.6
47,71,4.1
174,70,3.5
64,191,2.8
177,60,3.2
185,78,1.9
3,85,3.8
115,96,4.2
75,46,3.0
127,145,3.6
193,135,2.6
85,70,2.7
51,172,3.2
25,85,4.5
74,58,3.7
107,62,4.7
115,179,3.7
41,24,2.6
193,171,3.4
23,56,3.0
131,199,3.8
28,174,3.1
109,10,3.7
148,71,3.2
126,142,3.1
75,100,2.1
19,11,4.3
18,95,3.1
64,26,4.4
61,181,1.9
146,186,4.5
150,136,3.0
65,59,3.2
109,97,3.0
168,178,3.4
83,19,2.5
95,182,2.8
47,83,3.9
7,27,3.8
185,50,2.4
134,86,2.6
29,4,3.0
56,66,4.1
153,28,3.5
24,33,2.5
2,78,3.5
96,131,3.7
51,119,2.6
135,151,3.1
37,165,3.7
5,54,3.5
99,194,4.4
83,30,2.7
48,60,2.7
33,30,4.6
160,61,3.9
8,171,3.9
164,166,4.3
16,37,2.8
61,152,2.3
5,85,3.1
127,7,2.9
84,30,4.2
191,62,2.9
193,75,3.6
141,135,2.9
31,129,2.3
164,91,2.8
149,16,3.8
74,160,2.7
43,130,3.8
147,72,3.8
24,105,3.7
42,123,3.6
44,59,4.5
109,55,3.4
157,106,3.1
75,73,2.6
103,138,3.6
85,9,3.8
91,83,3.7
192,113,4.5
93,115,2.0
54,14,3.1
146,108,2.9
31,157,3.0
140,45,3.6
23,158,3.2
117,151,2.6
190,30,4.5
123,30,4.0
139,150,4.6
111,170,2.2
26,46,2.6
126,114,4.7
39,51,2.3
2,7,3.1
116,38,5.0
67,54,3.3
80,51,2.1
86,76,2.9
104,160,3.0
137,17,2.8
45,81,3.1
85,167,3.7
166,85,2.9
42,21,4.7
177,116,2.4
138,24,2.3
108,14,3.1
7,189,4.2
28,123,2.9
160,27,3.1
48,25,2.6
188,194,2.7
157,192,2.2
148,97,3.8
91,181,4.0
44,10,2.9
170,115,3.7
90,199,3.4
8,50,2.4
111,34,3.3
162,10,2.7
157,39,2.9
84,11,3.5
77,84,2.9
108,45,4.9
159,194,3.5
39,177,2.0
159,112,2.3
128,166,3.0
165,10,3.6
36,152,3.3
15,176,3.4
117,171,2.6
16,54,4.1
91,13,3.6
144,164,3.4
157,146,3.0
34,100,3.3
173,76,3.4
20,30,2.4
77,97,3.2
4,73,3.9
86,150,4.4
53,78,2.5
153,177,2.9
159,183,3.2
199,35,3.3
196,120,4.0
24,130,3.8
81,126,2.8
191,145,3.3
92,192,2.8
110,48,3.7
41,179,3.1
176,48,3.5
46,32,2.8
150,178,4.4
43,67,3.8
23,132,1.7
172,16,2.7
174,153,4.6
29,81,2.8
137,153,3.0
16,105,3.0
80,144,3.4
47,154,4.5
108,3,2.8
142,160,4.3
126,58,3.0
25,68,3.4
122,50,4.9
126,123,4.3
6,139,3.6
153,179,3.8
119,26,2.9
55,108,3.3
88,63,2.7
73,123,3.2
135,177,2.6
169,24,5.0
130,189,3.0
174,196,3.2
112,62,2.6
53,46,2.8
58,23,3.8
133,33,4.1
154,79,2.8
121,130,4.6
163,41,3.5
40,67,2.1
104,31,3.9
129,95,2.5
128,97,4.8
118,149,3.0
99,145,4.0
156,144,2.4
129,199,3.6
42,130,3.8
172,86,3.7
147,176,2.5
60,173,3.7
19,189,4.5
56,32,3.0
53,158,2.4
59,72,3.8
182,166,3.9
83,55,5.0
78,168,3.1
37,18,2.5
87,138,2.3
42,136,3.0
146,113,3.1
129,132,3.0
77,83,3.4
85,128,2.3
1,199,3.1
144,87,3.7
8,49,3.5
68,76,2.9
35,22,3.1
105,113,5.0
44,182,3.1
193,100,3.0
103,65,3.4
147,13,2.5
132,64,3.0
157,33,3.2
145,163,2.9
114,181,3.3
134,9,2.6
114,88,2.3
182,55,5.0
173,149,3.4
146,22,3.6
106,24,1.5
195,94,3.8
169,150,4.4
11,99,4.4
144,66,4.4
89,108,2.3
118,141,2.7
135,96,2.7
117,147,2.6
81,65,3.0
83,69,3.8
172,71,4.0
74,4,3.2
184,99,3.7
127,4,2.8
74,17,3.0
17,109,3.6
99,142,1.9
23,60,3.6
61,137,3.7
164,164,3.9
48,191,4.1
155,84,4.0
25,134,2.6
126,125,4.2
184,159,3.3
168,18,3.7
42,87,2.3
147,32,2.1
28,173,2.9
149,77,3.7
65,151,2.4
102,196,2.7
159,84,2.2
4,82,2.8
47,60,3.0
42,145,3.3
158,151,1.8
160,99,3.3
85,31,1.9
175,42,3.0
156,143,3.0
1,78,3.5
160,28,3.9
47,35,2.8
21,120,2.3
10,112,3.5
122,169,3.6
46,129,4.0
62,142,3.4
188,34,3.4
91,198,2.1
124,97,2.8
150,153,2.7
66,105,3.5
120,84,3.6
165,85,3.6
196,153,2.8
70,90,2.1
30,24,3.6
69,32,2.6
11,190,2.7
138,86,4.0
62,66,4.8
80,90,4.3
117,69,3.4
142,58,2.2
159,8,3.4
158,91,2.7
113,32,2.6
143,102,3.6
75,25,3.1
46,147,3.6
125,79,3.0
148,197,3.8
86,77,3.5
43,105,2.0
40,196,4.6
135,107,3.8
99,115,3.1
160,192,3.4
95,172,2.8
78,9,3.2
184,164,3.0
106,96,3.3
148,46,3.4
76,14,4.4
133,54,2.3
107,109,3.8
158,18,3.4
42,169,3.5
131,159,2.3
36,4,4.7
100,180,2.3
111,168,3.7
38,28,2.6
157,25,4.6
47,115,2.9
107,32,3.3
53,105,2.9
11,85,4.2
38,52,3.8
58,28,4.2
56,36,2.4
174,109,2.2
69,65,4.0
87,28,4.4
175,75,3.3
136,147,3.0
182,182,3.7
176,10,2.4
195,142,3.8
75,32,2.8
73,59,3.5
4,182,1.9
138,87,4.3
6,168,2.8
71,110,2.3
90,17,1.3
114,65,2.3
132,103,4.8
75,157,2.9
156,12,2.2
126,9,4.3
132,164,2.6
158,128,4.2
119,91,3.9
160,51,3.9
136,190,2.7
70,184,3.4
51,152,3.1
13,33,4.1
106,14,3.2
167,10,3.8
112,60,3.3
190,104,3.1
150,138,1.9
196,63,2.5
164,62,3.1
67,129,3.8
196,3,3.6
22,44,3.0
40,121,2.0
171,102,2.5
38,7,2.1
129,130,3.7
101,39,3.2
87,34,1.8
182,41,2.8
18,103,3.4
87,5,3.3
184,86,2.7
130,102,3.9
133,1,3.3
128,147,4.0
117,73,2.5
157,43,3.1
172,2,3.9
124,29,2.9
124,188,3.2
91,122,4.5
103,189,3.6
28,120,3.1
39,147,3.5
61,84,2.9
10,25,2.8
72,94,3.9
28,89,3.8
159,101,3.6
45,96,3.1
188,101,3.7
53,134,2.4
106,121,4.4
142,198,3.1
104,189,2.3
51,173,3.5
121,88,3.2
190,151,3.1
79,54,4.2
20,188,4.4
36,150,2.3
161,38,2.7
137,26,2.5
199,101,4.8
2,123,2.7
67,95,3.3
114,52,2.3
92,125,2.7
101,179,3.5
8,82,2.8
188,125,2.7
140,135,3.3
131,35,3.4
130,46,2.7
172,14,3.5
194,136,5.0
23,199,3.9
20,64,4.9
115,77,2.9
91,92,3.9
59,139,3.3
121,82,3.4
94,27,3.9
31,103,1.8
84,70,3.6
106,11,3.0
84,126,3.1
31,114,3.0
37,2,3.4
48,53,3.5
5,71,4.3
57,114,2.3
73,90,3.1
191,186,3.5
50,8,4.7
121,104,2.9
79,104,2.5
79,197,2.1
49,107,4.1
153,146,1.7
194,171,2.7
155,93,3.3
190,149,2.4
57,136,4.1
29,116,3.7
48,132,3.9
41,180,3.6
181,127,3.0
181,159,4.7
113,127,2.0
13,95,3.2
131,164,3.5
90,136,3.2
128,56,2.8
174,175,3.1
1,63,3.5
148,44,2.1
136,65,2.7
183,70,3.6
133,117,3.1
185,142,2.6
67,6,3.8
33,68,3.0
74,122,1.6
174,115,2.0
35,33,3.7
116,188,2.2
138,144,3.4
196,65,2.9
200,170,4.4
114,123,3.7
58,140,3.2
176,191,2.3
124,176,3.2
133,129,2.5
124,158,3.7
108,22,3.0
183,147,2.7
76,103,3.4
93,25,5.0
122,139,3.0
132,33,3.2
170,191,3.3
3,29,3.9
133,44,4.1
138,78,3.6
152,134,2.5
82,181,2.7
84,97,3.0
86,163,2.3
86,10,2.7
46,111,4.4
162,194,3.1
158,7,4.0
111,138,4.2
10,50,2.5
140,126,2.8
168,180,4.0
58,43,3.3
191,37,2.6
161,105,4.6
141,132,5.0
18,31,3.2
175,25,2.5
33,110,2.5
42,80,2.2
175,48,4.1
119,113,2.4
141,154,1.8
185,24,2.3
77,31,3.8
24,176,2.8
112,1,2.1
137,124,3.5
135,184,1.9
33,186,2.7
32,168,3.8
121,12,3.1
54,135,2.3
89,50,3.5
133,157,2.6
112,114,3.4
37,63,1.9
41,54,3.7
158,141,5.0
60,122,3.2
177,178,3.9
64,109,3.5
94,14,3.1
47,90,3.0
82,178,2.2
143,148,3.2
140,87,3.8
100,186,3.1
144,58,4.2
94,60,4.2
44,66,5.0
100,133,2.9
151,8,3.9
164,182,4.2
194,5,3.9
108,93,4.1
92,74,3.5
84,64,3.0
26,196,3.0
181,186,3.9
82,183,3.2
139,131,4.8
24,196,2.9
38,75,3.0
2,186,4.4
192,74,2.3
149,50,3.0
85,119,2.9
75,37,2.5
34,149,3.0
120,22,2.5
161,182,2.6
123,57,4.1
64,117,2.3
180,118,3.4
30,77,3.3
156,155,2.7
196,196,2.3
46,61,3.3
180,7,3.3
99,172,4.5
178,89,3.1
83,57,3.8
175,132,3.3
136,13,3.9
134,131,3.3
141,159,3.6
177,8,3.1
31,50,3.7
54,184,4.1
75,95,2.9
40,58,3.2
173,38,3.6
7,82,2.9
96,166,2.5
84,59,2.5
86,42,4.8
199,194,4.2
127,156,4.2
20,41,3.6
5,115,3.0
35,126,4.7
135,193,3.3
121,162,4.1
32,14,3.0
129,63,2.8
156,150,3.3
52,179,4.2
5,99,3.6
195,113,4.6
105,176,2.9
185,179,3.8
5,172,4.3
113,74,2.0
126,68,3.2
67,22,2.5
192,117,3.9
13,131,4.0
84,143,3.5
11,133,3.7
154,196,1.9
42,106,3.3
28,138,4.1
140,200,3.6
31,30,4.4
151,45,3.6
111,87,2.9
30,23,2.4
57,103,2.7
77,193,3.6
55,113,3.1
6,13,4.5
128,89,3.9
199,19,3.2
133,128,2.1
19,133,3.7
168,115,3.8
181,54,2.9
170,17,3.9
70,128,1.8
53,188,4.1
2,32,3.0
17,73,4.2
140,100,4.0
87,95,4.1
159,85,2.7
175,100,2.9
152,143,2.6
148,154,2.2
100,20,3.5
64,102,2.6
112,143,2.5
87,3,4.1
38,131,2.3
67,37,3.3
82,156,3.3
176,33,4.2
137,83,4.1
152,50,2.5
63,106,3.0
142,31,2.6
56,154,2.5
96,7,2.9
180,182,3.3
54,147,2.4
170,91,3.5
155,43,2.4
200,12,2.7
163,90,3.0
74,172,3.0
117,144,3.3
24,58,2.4
155,31,4.9
129,121,4.3
88,74,2.4
64,192,3.5
84,150,3.9
16,2,3.7
182,172,2.9
40,91,3.3
105,181,2.9
105,62,3.4
135,57,2.4
58,135,3.6
176,176,3.2
50,177,4.4
128,91,3.8
106,17,3.4
37,125,3.2
111,15,2.7
176,98,3.2
76,25,3.8
7,12,4.3
10,77,2.6
160,174,3.1
4,26,2.5
121,149,3.2
68,105,3.2
165,187,2.9
27,105,3.4
81,181,3.7
65,124,2.8
90,24,2.6
124,94,3.6
18,19,3.0
145,92,3.9
81,72,2.5
49,125,4.0
32,123,3.5
29,163,1.9
168,28,3.2
72,74,2.5
78,59,4.1
113,69,3.3
3,81,3.9
144,125,3.3
158,176,3.7
115,88,2.1
55,24,3.1
133,194,2.2
81,113,3.3
115,187,3.9
35,102,2.6
2,74,1.7
89,178,2.8
50,188,3.4
110,17,5.0
200,83,2.2
96,106,3.8
113,65,3.2
11,175,4.0
18,165,2.5
103,7,4.3
35,170,3.0
145,160,3.9
190,11,2.9
70,177,2.8
119,172,3.8
179,89,3.6
39,74,2.2
198,151,3.1
10,19,3.0
125,14,2.5
118,46,4.0
126,117,5.0
191,128,3.1
107,143,2.8
24,87,2.6
53,137,3.1
184,135,3.9
169,169,4.8
100,147,3.7
49,22,2.0
100,163,1.8
24,160,3.1
119,189,3.3
53,194,2.7
188,67,3.8
164,48,3.9
93,145,2.2
91,177,2.0
87,143,3.0
130,71,3.7
3,82,5.0
125,77,2.8
90,51,4.0
173,79,4.2
73,181,3.3
175,65,2.5
184,174,3.7
175,118,3.7
2,152,3.1
25,60,2.4
101,174,3.1
43,8,3.1
138,115,3.8
29,63,4.0
77,75,2.7
182,63,3.7
187,32,3.2
82,75,3.3
141,86,3.3
111,134,4.8
55,15,1.7
26,75,3.8
126,96,2.3
35,51,3.5
114,66,2.6
103,100,3.3
39,39,1.8
111,91,3.8
187,153,3.5
115,15,3.6
22,30,3.1
123,126,5.0
191,125,4.7
188,75,4.0
177,160,3.8
54,143,2.3
112,185,2.6
120,57,3.3
94,53,3.4
129,165,3.6
92,180,2.8
61,147,3.2
174,160,4.0
103,69,4.6
63,93,2.8
131,69,3.4
30,37,3.1
60,111,2.3
55,32,2.9
82,57,3.0
72,96,3.9
20,141,3.5
79,115,2.6
133,147,2.9
169,69,4.1
29,135,2.8
157,168,2.7
76,125,3.9
75,135,4.4
20,86,3.2
87,56,2.9
145,159,3.3
65,185,3.9
64,159,3.4
191,5,3.6
195,79,4.3
80,82,4.3
200,134,4.1
177,89,3.0
1,104,3.1
115,145,2.9
132,55,3.2
37,186,3.2
182,25,3.7
92,179,2.7
119,59,3.5
49,193,3.1
194,145,4.9
57,183,3.1
38,125,3.0
183,151,3.9
15,170,3.9
10,67,4.1
140,55,3.8
159,2,2.2
31,47,4.4
177,146,2.5
4,103,3.1
142,90,3.8
64,126,3.6
171,98,2.7
155,151,2.0
19,108,3.5
75,75,3.1
153,25,3.9
200,23,2.5
151,60,2.9
177,18,2.4
133,107,4.3
56,166,2.3
153,134,3.0
4,177,3.9
160,67,3.8
54,156,3.6
88,99,3.4
36,80,2.5
147,24,3.2
29,164,3.0
69,103,2.7
33,137,1.9
74,98,3.6
9,163,2.8
99,53,3.3
11,56,2.9
4,146,4.3
171,152,4.4
187,31,3.7
144,26,2.2
99,25,4.3
134,128,3.1
73,1,1.9
70,191,2.2
32,31,3.7
192,96,4.8
110,49,2.3
9,83,2.2
146,140,3.0
4,100,3.0
147,102,2.4
103,86,3.0
123,105,3.6
55,105,3.7
11,14,3.3
34,57,2.5
197,157,4.5
164,82,4.2
33,177,2.2
183,25,3.0
81,51,3.5
94,196,2.0
6,1,4.3
44,93,2.9
175,121,3.6
16,150,2.7
152,58,2.7
36,64,3.2
76,183,3.5
178,26,3.1
183,35,3.2
49,68,2.1
46,79,2.9
77,56,2.5
68,170,2.9
95,43,4.3
110,23,3.9
35,179,4.2
38,139,3.6
58,137,3.5
80,54,3.1
104,129,2.9
92,20,2.8
47,113,3.4
185,30,3.6
156,70,2.5
118,30,1.8
125,50,2.3
190,175,3.4
124,156,2.7
74,138,3.4
182,24,3.6
55,82,3.2
107,76,3.6
135,124,3.0
136,144,3.8
107,175,3.5
167,147,3.1
55,146,2.6
95,195,4.9
130,182,4.3
160,68,4.4
107,9,3.3
158,61,3.2
14,192,3.9
188,174,2.9
62,58,3.6
43,41,3.9
144,191,4.0
176,165,2.6
116,94,5.0
89,43,3.7
33,25,2.6
127,38,4.9
34,90,2.5
62,30,2.8
171,8,3.4
132,38,2.8
65,3,3.1
159,48,3.9
58,50,3.5
93,28,2.6
23,180,3.0
89,103,2.1
197,151,4.3
100,82,4.0
152,197,2.1
24,113,3.2
143,64,3.5
184,139,4.7
160,147,3.2
82,53,3.6
194,15,3.8
121,142,4.5
38,2,2.8
35,147,3.2
175,80,3.5
46,160,2.0
180,96,3.4
198,49,2.3
174,64,2.9
12,129,4.8
112,140,3.4
93,82,3.8
142,60,4.2
94,2,3.7
14,158,2.6
188,64,4.1
130,176,3.0
25,198,3.2
140,153,2.6
155,35,3.8
93,105,3.0
135,179,3.6
29,34,3.8
1,137,2.9
187,186,1.7
103,22,3.2
139,149,4.4
49,168,2.6
13,37,3.1
28,70,3.0
102,175,4.4
171,72,3.2
22,49,2.0
110,40,2.2
113,167,3.7
148,198,3.5
123,141,4.6
1,22,3.0
141,145,3.6
105,25,3.2
17,66,3.6
20,186,2.5
136,53,2.8
21,163,3.3
155,15,3.5
168,10,3.3
193,21,4.5
54,38,2.4
42,121,2.2
168,84,4.9
2,36,2.6
80,10,3.4
192,53,3.6
5,91,4.5
166,164,4.0
35,149,3.9
104,25,4.6
37,1,1.9
130,188,3.7
172,60,5.0
172,196,1.6
85,41,3.1
37,166,2.9
18,27,3.3
104,34,3.9
81,135,3.4
178,38,2.8
75,55,3.0
103,5,3.0
69,192,2.6
187,14,2.5
13,155,2.5
118,4,4.7
180,65,2.6
92,166,2.9
148,53,3.1
106,53,3.8
145,170,3.5
148,107,4.1
29,130,3.3
40,2,3.5
127,11,3.7
194,56,4.5
155,177,3.2
121,174,4.2
147,80,2.7
152,118,4.6
42,122,2.8
58,51,4.0
175,66,2.5
181,50,3.6
20,63,2.7
27,144,2.6
194,143,3.8
45,110,2.7
47,47,2.7
84,20,2.8
28,56,2.8
131,76,3.2
107,12,3.5
117,148,3.0
87,45,3.8
99,117,4.3
132,146,5.0
147,39,2.0
180,165,4.7
162,17,2.8
124,122,3.7
13,115,3.9
31,73,3.9
4,187,3.4
138,75,4.0
127,174,3.9
114,176,3.0
6,2,5.0
176,182,2.4
168,51,2.6
115,140,4.5
191,26,3.1
159,91,4.0
101,173,3.4
13,116,2.3
14,127,4.0
49,191,3.7
163,64,3.8
23,170,2.2
88,92,3.9
144,162,4.6
83,93,3.4
119,115,2.9
118,150,3.2
142,83,2.0
94,115,3.7
181,21,2.7
27,67,4.4
154,46,4.0
190,94,3.6
60,35,2.7
189,115,2.4
33,1,3.6
58,78,1.2
104,147,3.0
101,112,4.2
149,84,3.9
5,137,2.8
31,133,2.1
99,163,3.7
43,168,2.9
105,157,3.3
37,67,3.6
193,70,5.0
130,184,2.9
68,85,3.6
158,122,2.5
3,182,3.5
113,164,4.1
27,98,3.8
149,111,2.2
163,123,3.5
139,187,4.8
189,121,3.4
146,74,2.1
174,194,3.4
91,127,3.6
195,4,2.6
72,32,1.4
98,156,3.1
4,171,2.9
151,188,2.5
66,131,4.2
78,21,3.4
51,154,3.4
171,180,2.6
65,110,2.2
59,6,3.0
90,94,2.2
115,27,4.9
99,3,3.0
2,98,3.6
108,186,4.3
60,108,3.2
80,150,2.5
104,20,3.5
104,187,2.2
173,35,3.3
94,24,2.3
27,174,2.9
194,48,3.0
85,81,3.1
62,139,4.9
63,87,3.5
77,142,3.3
54,144,2.7
96,34,2.7
153,21,4.7
163,33,2.9
95,35,3.8
78,65,4.0
137,156,2.1
86,133,4.7
189,99,2.8
87,92,2.6
47,168,3.9
198,42,2.8
110,70,3.8
42,200,3.4
70,15,3.2
102,166,3.1
184,149,3.9
113,61,2.7
82,139,4.7
45,23,4.1
148,45,3.5
126,200,3.2
175,107,2.4
52,197,3.8
168,102,3.2
179,154,4.4
104,172,2.5
142,97,2.7
172,52,2.9
122,36,3.9
72,156,3.2
46,135,5.0
98,79,3.5
178,190,3.4
42,7,4.9
63,190,3.2
41,86,3.0
187,105,3.1
168,171,3.2
69,15,2.4
174,105,2.6
179,96,3.8
174,100,2.8
75,149,3.7
15,100,2.8
134,141,1.9
168,99,4.3
37,26,3.0
120,143,4.3
115,12,4.6
157,98,4.0
43,131,3.6
6,78,3.2
129,192,3.4
118,103,2.6
23,174,3.1
188,122,2.8
57,98,3.0
119,139,3.8
180,123,3.5
17,118,3.7
14,9,2.2
43,150,2.8
16,4,4.1
171,92,3.6
182,20,2.2
34,189,1.8
51,168,3.0
181,150,4.3
42,118,3.3
2,17,4.3
174,150,3.2
71,175,2.4
84,76,3.6
26,159,3.9
158,21,4.4
161,168,2.8
151,65,2.5
18,2,3.0
26,87,3.4
189,84,4.0
26,122,3.1
187,54,2.8
191,115,4.8
33,92,4.1
94,163,2.3
162,166,2.9
23,14,2.6
17,71,2.4
131,188,3.9
14,130,4.1
171,199,3.5
25,93,2.7
50,136,3.4
63,194,3.3
120,182,3.7
93,154,2.4
13,18,2.7
69,154,4.6
4,81,2.7
104,14,4.2
110,117,3.2
39,73,3.9
152,185,3.1
48,94,3.0
149,127,2.9
131,34,3.2
153,34,2.7
122,17,3.9
75,127,4.0
84,67,3.4
191,116,3.4
18,194,2.0
62,166,3.6
119,169,3.9
120,117,4.0
15,30,3.2
30,9,2.3
27,12,2.3
158,30,2.5
127,49,3.0
157,100,3.2
79,126,3.4
193,9,4.6
4,170,2.7
110,110,2.8
27,36,4.8
192,35,2.8
21,92,4.5
3,42,3.3
195,196,4.2
55,54,3.6
85,72,2.3
190,92,2.3
15,155,4.2
20,59,4.0
89,80,3.5
183,199,2.7
1,196,2.2
178,18,3.4
62,102,2.4
200,124,1.9
14,106,3.6
37,131,3.9
104,138,3.5
108,195,4.7
95,168,3.2
123,81,2.9
97,73,2.6
36,169,3.5
188,12,2.4
178,62,4.1
130,183,3.0
153,198,2.7
178,160,2.6
79,143,2.9
38,15,2.8
163,45,3.2
67,181,2.2
129,45,5.0
66,1,1.9
88,58,3.6
195,7,3.4
89,197,3.9
115,9,3.6
47,8,3.3
113,72,2.8
147,85,3.3
160,74,2.5
97,185,3.1
195,9,3.2
107,98,3.8
132,138,4.5
160,136,3.4
97,45,3.2
29,84,3.4
32,198,3.0
165,115,1.3
187,165,3.6
84,56,3.2
163,73,2.9
106,70,2.4
41,38,3.9
179,178,1.6
41,46,4.2
92,171,3.8
171,62,3.3
154,187,3.2
86,144,4.8
182,122,2.4
200,39,3.2
38,3,2.9
144,24,4.8
140,184,2.7
125,176,3.1
6,158,3.7
131,134,2.7
143,152,3.6
192,75,3.5
195,162,3.5
3,179,3.0
83,60,5.0
31,130,1.9
185,136,3.7
185,177,3.8
97,104,4.0
146,30,3.9
61,34,2.4
47,114,2.4
127,117,2.4
184,108,3.4
196,121,2.9
139,61,3.4
195,119,4.1
35,10,2.5
114,31,1.3
23,107,3.5
155,44,3.0
71,105,2.4
105,123,3.3
180,130,2.4
4,28,3.4
35,48,4.1
51,25,2.4
32,16,3.0
157,153,2.8
14,141,4.2
96,21,4.2
143,128,3.1
71,30,2.7
88,155,2.9
10,13,3.5
133,178,3.3
121,72,2.8
40,151,3.2
68,117,3.0
177,174,4.3
200,95,2.9
140,51,4.0
176,100,3.5
5,49,3.9
48,172,3.3
35,142,3.9
126,16,3.7
15,152,3.7
41,146,3.5
60,14,3.3
145,184,2.3
182,146,4.3
102,103,2.8
32,182,2.9
156,30,2.1
22,106,4.3
170,159,2.8
9,88,2.6
94,4,2.7
146,196,2.5
90,105,2.3
15,183,2.8
114,1,3.4
49,38,2.2
50,91,3.4
115,197,3.9
107,157,2.5
55,143,2.3
183,94,3.9
195,18,3.6
11,82,4.7
122,68,2.8
135,2,2.3
89,183,3.5
32,192,2.7
21,87,4.1
9,171,3.4
43,79,3.0
150,112,2.0
87,167,4.1
141,119,3.1
56,27,2.8
162,88,4.6
156,174,3.6
173,186,3.5
34,39,2.3
154,158,3.3
167,12,4.2
172,141,3.0
157,178,2.8
165,182,1.9
48,184,2.3
3,124,2.0
177,182,4.2
135,142,1.8
76,119,3.1
144,118,2.8
30,191,2.8
42,1,3.4
170,83,4.4
79,170,3.4
70,172,4.7
110,87,4.4
185,26,2.5
11,45,4.1
61,45,3.1
137,25,3.0
60,105,3.5
96,31,3.2
171,131,2.5
81,186,3.5
35,89,4.2
135,170,3.8
79,199,3.6
118,43,4.0
182,87,3.5
11,136,3.3
92,143,4.1
115,98,2.9
137,84,2.8
94,120,2.9
16,69,4.0
147,40,2.8
124,126,4.1
132,74,2.6
70,194,2.5
120,12,2.4
38,57,4.0
107,16,3.6
93,155,3.0
173,3,3.5
171,9,4.0
79,42,3.3
91,50,4.3
182,117,3.4
59,112,3.7
5,127,3.7
169,113,2.0
92,124,2.3
81,175,5.0
194,191,4.1
46,85,3.2
32,69,2.9
75,145,5.0
168,33,2.5
167,34,4.2
104,188,3.0
163,67,3.0
186,171,3.2
15,94,3.0
73,164,2.9
149,34,2.4
113,18,2.2
31,195,3.1
139,47,3.3
114,147,4.4
194,13,3.2
63,86,3.6
120,56,2.8
96,141,2.7
166,36,3.1
58,90,2.3
150,91,3.0
175,117,3.3
115,198,3.2
83,9,3.4
130,94,3.8
111,3,4.1
62,117,3.9
174,116,3.2
60,128,2.4
24,125,2.5
146,189,2.3
110,136,2.4
65,67,2.2
16,11,3.9
81,64,2.9
200,97,3.2
39,182,2.8
76,75,2.8
120,95,2.8
86,160,3.4
68,112,3.1
174,164,4.0
35,5,3.5
50,132,2.4
134,65,4.9
41,124,2.9
38,32,3.0
33,130,2.6
82,48,2.9
82,169,3.3
120,90,3.5
22,57,3.1
45,43,2.5
73,12,2.2
196,53,2.6
129,42,4.2
78,140,3.2
3,30,2.5
47,85,5.0
119,117,3.6
114,165,2.9
96,14,5.0
73,167,2.5
142,183,4.8
84,112,3.3
139,12,2.4
122,39,3.2
150,19,4.5
164,89,2.2
38,164,2.0
57,199,4.6
134,50,3.3
13,176,4.8
89,196,3.5
96,120,3.6
29,147,3.4
193,149,2.6
8,85,2.1
124,129,4.4
146,36,4.3
189,47,4.1
47,125,2.5
191,23,3.5
113,125,2.4
66,127,4.6
88,121,4.1
72,27,3.8
12,48,4.1
98,193,2.8
13,65,3.2
99,64,3.7
170,122,2.1
133,125,3.7
15,34,2.4
137,33,2.5
45,13,4.5
135,82,2.7
117,156,3.3
46,127,5.0
23,187,3.5
59,133,3.2
147,131,3.1
114,178,3.4
169,72,2.9
60,91,2.4
71,139,2.7
179,10,3.7
8,45,3.1
93,70,2.7
72,97,3.5
98,38,3.4
117,71,2.7
112,196,3.5
81,34,1.9
197,65,3.0
176,41,3.3
106,21,3.3
185,105,3.0
130,174,3.1
157,82,3.2
77,41,3.6
96,16,4.2
166,9,5.0
148,129,3.3
43,158,3.6
191,184,2.5
165,41,4.4
174,111,2.2
158,155,2.9
160,91,3.5
70,123,2.1
197,56,3.2
145,105,4.5
178,92,3.1
44,119,2.9
89,127,3.2
79,191,3.6
72,181,3.4
105,183,2.1
109,7,4.4
49,14,2.9
130,86,2.6
39,25,2.8
174,63,3.2
4,41,2.4
50,199,3.0
173,139,4.0
89,158,4.1
119,86,2.6
87,105,3.3
2,121,2.9
15,76,3.4
139,168,2.9
198,111,3.1
118,45,2.9
6,181,2.4
37,140,4.6
123,160,3.0
171,100,3.2
43,118,2.7
174,74,3.7
107,39,2.3
178,88,2.1
189,75,3.4
64,160,2.4
73,102,2.3
159,71,4.7
34,148,4.1
104,94,3.5
42,138,3.1
112,145,3.0
114,177,2.3
67,43,2.6
83,5,2.3
13,77,4.0
65,117,4.9
186,44,3.0
100,92,4.4
122,11,3.8
99,19,4.6
36,181,2.2
199,155,2.5
71,33,3.2
187,86,4.4
4,137,4.6
168,196,3.6
181,57,2.4
101,130,3.5
67,157,2.6
159,42,3.1
90,5,2.9
37,109,3.6
11,12,3.3
60,28,3.3
120,140,4.9
125,110,4.4
139,38,2.5
14,25,3.1
129,191,2.9
8,71,3.3
87,51,3.8
186,62,5.0
51,101,2.9
188,105,2.7
156,179,3.2
145,178,2.2
56,123,4.2
200,80,2.9
32,74,3.1
159,152,1.6
33,174,3.5
106,105,3.7
116,3,2.8
142,16,2.8
67,83,2.6
121,106,3.9
176,125,5.0
93,194,3.0
57,63,2.9
120,80,2.8
55,84,4.6
66,179,2.7
12,12,3.4
48,56,3.1
77,37,4.0
163,151,3.4
77,157,2.6
121,95,3.1
38,40,3.2
63,70,3.6
175,43,2.6
125,162,2.2
137,99,4.2
17,89,4.8
196,7,3.2
63,36,3.5
93,51,3.1
166,140,2.7
16,58,3.2
73,122,2.9
42,27,3.7
22,127,4.3
76,7,3.6
67,178,2.2
112,56,2.9
104,145,2.6
125,149,2.0
184,55,3.5
40,116,3.6
198,51,2.9
75,7,2.6
72,34,2.5
50,156,3.6
3,8,4.4
22,185,2.9
90,92,2.4
45,94,3.2
3,61,3.5
115,35,4.6
58,132,3.2
151,81,3.1
30,121,3.3
55,193,3.0
181,55,3.7
165,180,1.9
103,121,4.0
26,35,2.1
47,6,2.6
13,11,2.8
15,116,2.7
68,32,3.2
119,76,2.9
150,143,1.9
114,94,3.0
101,169,3.3
22,149,2.5
2,144,1.8
53,107,2.0
172,48,2.8
77,136,4.7
199,30,3.0
82,2,1.6
142,130,3.2
161,37,3.2
144,54,4.1
168,16,3.1
87,197,4.3
144,196,3.6
171,3,4.1
108,48,4.1
21,108,3.0
87,178,3.9
48,80,3.4
112,110,2.4
20,132,3.9
159,51,4.0
44,140,4.9
45,127,3.1
152,190,3.8
141,28,3.6
196,24,3.3
182,17,2.5
36,145,2.7
57,36,3.3
97,82,3.6
2,63,2.1
22,74,2.8
199,80,3.4
144,137,2.1
200,150,4.4
103,163,2.7
148,21,2.2
71,34,2.8
50,121,3.6
107,195,3.2
63,195,3.3
179,193,3.4
127,115,3.1
32,5,2.3
6,49,2.0
155,61,2.8
160,198,4.5
163,6,5.0
84,14,2.7
17,105,2.9
183,169,4.0
151,36,2.2
85,185,2.6
147,168,4.1
43,179,2.9
172,29,3.0
47,167,4.2
48,14,3.5
154,97,2.9
60,36,3.2
173,133,3.8
166,19,3.4
22,178,3.9
60,149,2.3
23,22,4.2
19,8,4.4
118,59,2.5
50,46,3.0
29,171,3.6
188,162,3.5
193,165,3.2
164,179,4.8
57,25,3.6
135,15,2.2
160,160,4.6
199,92,3.8
1,177,3.2
29,54,3.4
40,47,3.6
157,156,3.9
165,25,3.0
138,143,3.4
25,170,2.3
168,14,3.4
40,177,4.0
92,189,2.9
199,124,3.6
159,17,3.2
15,86,3.6
93,1,3.0
166,16,3.2
169,123,2.6
139,27,2.9
129,56,3.8
93,110,2.7
104,53,4.0
41,21,4.0
199,105,3.2
123,61,4.4
80,49,3.0
6,132,3.7
121,157,5.0
150,8,2.2
160,65,3.3
122,190,2.7
23,27,2.4
122,70,2.8
83,17,2.8
52,55,3.7
25,17,3.4
185,151,3.3
173,19,4.1
119,133,2.8
129,181,2.7
74,158,4.0
102,152,4.1
195,75,2.2
31,136,3.6
132,59,2.2
87,104,3.1
119,149,4.3
115,122,2.7
64,5,2.6
91,189,3.6
154,21,2.4
73,31,2.5
61,180,3.0
84,190,3.4
192,156,3.6
96,69,2.4
139,98,4.6
192,129,3.0
146,82,3.4
30,176,3.0
63,140,5.0
9,80,1.8
18,140,3.6
188,195,2.9
84,72,3.6
145,30,3.7
76,190,3.0
116,166,2.4
195,141,2.9
14,143,3.2
16,50,3.7
155,129,3.0
85,158,3.0
1,50,3.2
164,102,2.8
55,50,2.7
129,32,4.4
58,2,4.1
40,22,3.0
175,131,3.0
50,48,3.2
145,129,2.8
155,106,3.2
21,65,2.4
178,66,5.0
158,87,3.3
39,47,3.2
120,47,2.4
59,68,2.5
34,185,3.1
44,173,3.8
82,99,3.1
178,69,4.2
146,141,3.6
157,149,2.6
26,187,2.5
16,185,4.6
29,5,2.9
125,34,2.9
37,157,2.5
196,55,2.9
164,30,3.1
124,170,3.6
97,93,2.1
1,174,3.3
89,147,3.1
152,37,2.7
82,67,4.5
20,119,3.9
170,22,3.1
174,159,4.1
142,134,2.1
190,83,2.7
175,93,3.5
3,20,3.9
126,146,3.8
10,64,3.6
30,155,2.8
129,149,3.1
22,137,3.2
71,132,4.3
178,75,4.1
174,44,3.8
198,200,4.0
61,182,2.9
67,50,3.2
166,58,2.6
121,47,3.5
146,95,2.2
56,99,2.5
157,23,3.9
130,138,3.7
136,195,2.6
173,20,4.0
51,21,3.1
62,98,2.7
17,44,4.4
98,167,2.9
191,178,2.2
93,153,3.1
153,187,2.2
48,117,4.1
181,30,2.3
20,5,2.8
60,119,2.1
111,115,3.2
64,113,1.8
96,139,3.1
141,139,4.2
134,35,2.9
57,11,3.5
101,184,3.3
4,47,2.6
6,135,3.7
88,143,4.1
91,108,5.0
99,8,2.8
32,70,3.6
179,130,3.3
157,185,3.6
5,1,2.3
177,180,3.5
139,97,3.6
98,169,2.4
66,48,2.3
150,195,3.1
151,160,3.3
56,82,4.0
85,42,2.7
19,64,2.8
94,142,3.2
175,6,3.3
32,148,3.4
22,45,3.9
7,79,3.2
30,130,2.5
152,51,3.5
37,59,2.8
21,131,4.6
104,98,3.5
76,88,3.0
111,195,2.7
145,72,1.8
183,37,2.5
91,88,3.8
29,88,3.0
1,72,3.9
21,156,2.9
18,156,2.9
175,59,2.4
77,18,3.9
22,104,2.9
42,180,3.7
144,115,3.4
165,103,2.6
14,73,2.0
133,35,3.6
109,35,3.0
137,176,5.0
83,67,4.4
179,152,3.4
122,129,3.6
104,29,3.2
192,197,3.6
85,165,3.6
185,121,2.5
136,43,4.3
145,40,3.6
44,47,3.1
140,88,2.3
87,144,4.2
11,96,4.6
48,185,3.1
20,55,3.9
87,103,4.0
73,177,2.5
134,98,1.1
2,93,3.3
15,162,3.7
13,76,1.9
90,41,2.7
60,74,1.4
42,77,2.7
160,10,2.8
70,44,3.7
140,195,3.1
167,28,3.9
153,131,4.0
35,49,2.9
33,184,3.0
14,200,3.5
65,167,3.1
124,111,4.8
117,88,2.6
133,51,2.9
178,182,3.2
11,33,4.5
170,135,2.3
6,31,2.4
151,13,3.5
196,138,3.0
53,196,1.8
48,124,2.8
69,26,3.7
74,46,3.6
129,92,3.6
60,190,4.2
77,167,3.0
53,109,2.5
186,1,3.1
63,52,2.4
17,28,5.0
77,47,4.4
19,139,3.4
105,132,3.3
54,1,3.2
143,62,3.6
190,183,2.9
189,5,3.0
9,69,3.2
63,73,3.2
200,108,2.3
9,139,4.0
64,20,3.7
50,158,3.1
162,20,3.8
24,173,3.4
78,119,2.5
84,5,2.9
182,23,3.7
135,11,3.9
50,161,1.9
114,84,3.6
196,100,2.9
54,155,2.8
34,153,3.3
37,21,4.1
146,11,3.1
27,29,3.9
137,85,3.9
42,184,4.3
59,70,2.7
59,157,3.6
97,96,2.1
167,73,3.5
190,1,2.7
92,112,2.2
39,36,4.3
175,26,2.8
91,75,3.4
142,64,3.3
167,119,2.6
27,17,3.2
112,186,2.8
149,82,3.6
156,79,4.2
77,132,3.1
176,26,2.3
62,79,2.4
57,135,3.6
146,143,3.1
115,158,3.4
6,6,3.7
32,166,3.8
124,134,3.8
63,48,3.8
68,135,3.3
71,19,4.4
2,155,2.0
183,179,2.3
118,78,3.2
58,39,2.9
11,149,1.9
86,48,4.0
133,141,3.3
90,180,2.3
11,140,3.7
71,80,3.0
79,13,2.5
129,117,4.4
96,152,2.7
14,53,3.3
76,144,3.3
199,22,3.0
33,116,3.2
187,164,3.2
133,195,3.2
162,5,2.6
112,150,3.7
175,7,3.5
40,62,3.2
182,71,4.2
107,186,2.9
72,104,3.9
135,197,3.7
52,189,4.4
96,56,3.3
79,125,3.4
110,200,3.5
51,100,3.3
138,82,4.5
150,56,3.9
54,61,4.2
106,7,2.5
21,109,3.3
8,149,2.5
160,34,2.7
24,14,2.9
110,38,2.9
192,107,4.0
101,73,3.3
153,22,3.0
137,163,3.8
31,35,4.6
118,100,3.4
165,4,2.4
23,9,2.7
48,162,3.9
18,26,2.6
137,165,2.5
77,113,3.2
82,91,2.2
181,153,3.9
142,163,4.0
144,181,2.3
171,160,3.3
59,163,1.5
104,191,3.8
109,150,3.8
91,15,2.3
65,87,4.0
101,60,3.9
11,1,3.0
87,181,3.6
53,37,2.1
173,119,2.5
180,181,2.3
7,178,3.3
90,127,2.8
114,105,2.3
54,126,3.6
4,159,2.8
159,115,3.0
86,3,3.3
44,164,3.7
75,19,2.2
81,95,2.7
103,110,3.8
21,35,3.1
183,15,3.0
79,152,3.3
19,184,4.5
142,59,2.2
13,128,3.2
131,123,5.0
158,19,4.4
103,67,3.8
185,133,2.1
68,192,3.6
197,85,2.3
122,112,4.4
152,29,4.0
135,139,4.2
178,149,2.4
110,71,2.6
145,36,3.2
32,85,3.3
161,134,4.3
114,140,3.0
25,189,3.0
74,137,3.1
115,84,3.9
163,132,3.5
50,90,1.7
136,138,3.0
88,182,2.7
55,9,2.5
80,70,2.6
40,45,5.0
124,152,3.0
142,11,2.8
182,9,3.3
134,170,3.1
152,84,2.9
175,8,3.6
24,90,2.6
164,140,3.0
103,186,3.1
51,73,2.8
86,21,2.5
150,10,2.4
162,190,4.2
32,162,4.5
198,190,4.9
116,86,4.0
75,84,3.6
179,48,2.6
119,194,2.2
123,43,3.6
146,84,4.5
8,99,3.8
113,57,2.6
105,114,3.5
35,175,3.2
28,92,2.6
137,164,2.9
190,64,4.8
80,24,2.4
26,36,2.6
30,108,3.9
19,177,5.0
158,22,4.6
184,38,3.0
46,62,3.2
37,160,3.3
49,199,3.3
128,110,2.6
129,151,3.4
129,99,2.6
43,71,3.7
59,145,3.3
43,5,4.1
117,108,3.9
132,11,4.1
8,88,2.7
29,152,2.7
121,101,3.5
29,28,3.7
124,125,4.3
194,132,4.4
109,48,2.8
160,52,3.7
194,95,4.7
33,14,3.5
21,145,4.0
82,15,2.8
51,93,4.3
59,190,3.5
114,110,2.8
185,48,2.9
108,106,3.6
101,180,3.0
44,91,2.6
22,81,3.8
32,12,3.6
195,185,3.8
171,59,3.8
61,115,3.9
68,74,3.7
140,33,3.4
93,66,3.1
107,73,4.4
110,86,4.6
82,44,3.4
117,37,4.4
21,71,2.9
95,139,2.8
101,27,4.1
9,104,2.4
24,73,2.2
174,96,2.6
87,25,3.3
20,195,2.1
47,36,2.6
109,12,4.3
138,169,3.3
143,42,3.5
142,175,3.8
89,159,3.1
198,153,2.8
168,150,2.5
160,66,3.8
5,131,2.6
131,46,3.5
188,72,4.2
65,182,2.4
50,31,2.4
37,174,3.4
64,88,2.5
113,192,4.0
46,25,2.2
104,173,2.9
189,159,3.8
178,180,2.6
86,165,4.5
153,62,2.9
73,95,4.9
133,17,3.1
189,10,3.5
76,177,2.7
8,195,4.0
47,155,3.2
48,42,3.0
37,10,3.5
50,152,3.2
114,172,2.5
104,162,4.1
166,112,3.1
50,62,3.1
76,5,3.7
57,173,2.9
11,111,3.6
56,183,3.3
103,31,3.1
101,66,1.7
81,177,3.7
17,64,3.1
158,187,4.3
180,97,2.7
183,186,3.4
35,8,2.7
186,91,3.8
65,104,4.7
53,192,2.4
109,133,3.1
19,116,3.6
67,126,2.3
3,5,2.9
73,140,2.8
65,134,5.0
148,158,2.4
119,174,3.1
134,187,2.6
123,139,3.7
31,194,1.6
171,26,2.2
81,3,4.6
136,31,4.0
23,50,2.3
173,200,3.1
84,181,2.7
93,99,4.2
108,136,2.8
107,68,4.0
108,13,2.9
172,57,4.2
147,126,4.3
171,37,2.1
27,170,3.6
90,32,2.6
161,72,2.6
49,55,3.1
83,200,2.6
102,153,3.1
6,122,3.8
78,70,3.0
109,18,3.7
41,126,3.4
93,31,2.1
136,172,3.5
115,118,2.2
93,102,2.0
179,147,4.0
152,25,2.6
76,158,2.3
141,186,3.5
34,77,1.8
90,115,3.8
14,162,1.7
40,128,3.6
48,137,3.6
122,100,3.9
48,156,3.1
99,35,3.5
131,43,2.9
116,121,4.5
116,174,3.5
118,140,2.8
113,123,3.2
141,130,4.0
75,52,3.8
105,108,3.8
135,165,2.1
97,127,4.1
174,183,3.0
45,153,4.3
40,117,2.5
73,176,2.3
93,177,2.4
160,78,4.4
120,183,3.2
83,123,2.6
77,182,3.0
20,3,3.3
7,47,3.2
102,168,3.9
70,53,4.1
46,164,2.6
91,64,3.2
81,196,4.1
72,77,4.4
65,172,2.5
40,183,3.8
89,91,4.3
17,42,4.6
163,97,2.9
81,178,4.3
198,97,3.8
8,14,3.1
191,28,3.4
153,176,3.6
169,185,3.3
142,133,3.1
25,27,3.8
149,95,3.5
106,48,2.8
169,121,3.4
37,52,2.0
114,27,2.8
30,42,3.6
9,22,2.6
69,56,3.9
148,36,2.6
13,5,3.9
165,68,2.3
117,91,2.4
90,35,3.2
171,139,3.6
84,21,3.2
142,2,2.6
19,145,3.1
134,16,2.1
186,130,2.2
119,177,2.8
24,15,2.3
9,185,2.9
49,87,2.6
46,23,2.9
185,175,3.0
103,58,3.9
26,147,3.6
70,41,3.7
82,117,4.0
27,28,4.1
23,26,2.7
158,51,3.4
85,131,2.8
190,191,4.3
27,109,3.7
96,151,2.6
121,48,3.3
177,81,2.9
83,61,4.7
68,180,2.6
10,52,2.8
40,23,2.4
81,157,3.9
28,177,2.6
145,133,2.4
42,97,3.1
119,142,4.2
93,65,2.0
21,182,2.5
104,92,3.0
90,170,3.5
19,106,3.7
117,128,3.0
26,56,2.8
138,40,2.8
52,90,2.5
143,35,4.1
184,33,3.5
177,39,2.8
157,183,3.1
61,186,3.8
169,32,3.6
200,143,4.0
95,42,4.3
193,136,2.4
129,184,2.7
87,88,3.7
14,147,4.7
75,59,3.2
39,87,3.7
179,166,3.0
86,105,3.2
176,144,4.5
112,135,3.5
55,2,3.5
3,113,3.1
28,183,2.1
130,50,3.7
46,37,2.8
159,176,3.9
127,35,3.5
10,177,3.5
191,27,3.2
19,27,3.8
176,49,2.5
146,45,3.9
196,38,2.8
102,193,2.6
4,58,2.0
44,85,4.1
51,4,1.9
73,162,2.1
131,167,3.7
125,58,3.1
137,168,2.6
139,76,4.3
174,118,3.1
151,17,2.6
66,14,3.7
88,4,2.8
20,100,2.1
25,79,2.9
44,151,2.3
27,168,2.8
199,2,3.2
36,34,3.0
92,144,3.9
150,61,3.5
26,189,3.1
14,64,2.7
182,147,3.2
143,175,2.6
48,133,3.4
39,17,3.0
170,171,4.5
145,48,3.3
2,117,2.5
4,130,4.6
83,112,3.7
10,42,4.1
12,187,3.2
116,31,3.8
44,69,4.1
196,156,3.7
198,84,5.0
64,125,2.6
178,68,4.3
25,45,4.8
155,116,2.6
190,180,4.5
68,187,4.0
161,89,3.0
58,84,3.3
99,63,3.3
111,180,3.2
181,15,3.2
26,66,2.6
16,3,3.8
148,75,4.4
109,146,3.3
20,154,1.9
182,194,3.9
136,97,3.9
161,177,2.3
131,132,4.0
91,145,3.3
32,141,2.8
163,134,2.2
145,15,4.0
108,124,3.7
95,64,3.4
41,85,3.5
23,151,2.3
8,59,3.1
101,138,5.0
79,87,2.9
66,126,4.6
62,6,2.5
167,189,3.8
176,24,4.0
187,178,2.8
152,78,2.3
196,80,4.0
147,127,4.2
176,69,3.2
162,29,3.2
94,93,2.5
45,177,3.4
29,67,3.9
73,133,2.1
107,30,1.8
144,4,4.6
26,115,4.4
52,38,1.9
197,161,3.4
126,110,3.9
65,169,3.2
54,73,4.6
192,84,3.8
93,176,2.3
38,161,2.9
185,16,1.8
5,17,3.8
3,18,2.9
165,97,3.5
67,153,3.7
149,72,3.1
187,1,2.7
88,135,3.8
141,42,2.8
40,150,2.9
133,102,4.1
182,49,2.4
122,152,2.8
88,8,4.3
195,177,3.6
188,18,2.0
46,166,2.4
179,138,3.8
64,82,3.3
103,165,3.3
17,179,3.5
191,170,2.4
189,143,3.2
137,104,2.6
65,133,3.0
110,94,4.3
184,93,4.4
36,56,2.4
174,138,1.6
199,53,3.4
101,96,4.2
46,105,3.3
53,77,3.7
196,185,3.4
105,21,3.3
79,7,3.0
13,138,4.1
16,29,3.0
136,66,2.0
41,72,2.7
158,34,3.8
141,50,3.4
91,185,2.9
92,105,3.1
134,80,2.3
126,141,3.1
128,99,4.1
109,91,3.1
56,197,2.8
60,72,3.1
163,194,2.4
44,178,3.1
120,160,3.8
65,31,2.3
50,27,2.8
120,38,3.0
161,130,5.0
26,160,3.1
158,36,3.5
34,136,3.9
164,94,3.1
12,97,4.3
20,32,2.5
161,129,4.5
182,46,3.4
30,73,3.4
70,1,3.3
141,48,2.9
18,35,3.2
16,78,3.7
6,108,4.3
167,79,5.0
35,137,3.5
103,128,2.3
186,112,2.7
60,113,2.6
170,49,3.7
106,132,3.0
135,30,2.9
14,60,3.3
69,96,3.9
95,136,2.4
95,126,2.4
167,43,3.2
49,132,2.2
189,188,4.2
198,91,5.0
79,193,2.6
37,6,2.2
69,19,3.1
170,102,3.0
123,189,3.3
134,164,2.8
118,142,2.2
9,76,2.1
123,49,5.0
101,118,2.6
93,152,3.0
140,192,3.7
13,186,3.8
44,146,4.8
151,159,4.2
149,46,3.6
144,61,4.5
199,188,2.1
161,191,3.1
152,60,2.9
120,155,2.6
90,97,2.5
110,78,4.6
169,129,3.6
121,5,2.1
56,43,3.3
112,50,3.8
24,108,3.4
166,120,2.8
167,110,3.6
179,135,2.5
25,56,2.9
6,35,2.9
2,34,2.7
112,151,3.8
152,198,2.9
166,64,3.7
39,173,4.0
24,133,2.4
66,117,5.0
153,36,1.9
115,26,3.4
101,124,4.6
46,69,2.9
100,117,4.4
55,56,3.8
102,143,3.9
138,179,4.7
65,20,3.4
102,25,3.9
4,157,3.8
113,95,4.8
116,79,3.5
47,112,3.7
39,180,2.7
116,29,4.0
67,174,3.7
134,56,2.9
65,114,3.2
135,55,3.3
38,100,2.3
5,12,2.5
115,102,1.7
79,135,3.0
135,149,3.3
45,84,2.9
62,136,4.5
83,108,4.1
155,184,1.8
169,35,3.2
14,31,2.7
177,138,4.0
49,113,4.2
164,59,3.0
9,19,2.3
172,190,2.7
28,67,3.7
63,82,2.9
72,101,3.5
30,188,2.7
154,122,4.0
30,137,2.2
105,186,3.9
117,15,3.4
56,100,4.3
122,148,2.5
22,23,3.8
129,187,2.9
74,32,4.1
26,11,3.6
99,9,3.9
89,25,3.7
33,127,3.2
121,151,3.2
36,194,3.4
61,125,3.6
119,124,2.6
129,7,2.6
103,166,3.2
172,136,2.5
82,106,4.3
136,174,3.2
77,165,3.5
104,50,2.7
136,99,2.7
2,11,5.0
69,119,3.0
128,74,2.4
179,123,2.9
171,67,2.7
177,3,3.3
48,6,4.0
16,23,4.1
163,116,3.3
29,77,2.9
74,9,3.3
146,6,2.3
143,75,3.0
25,78,3.6
123,186,3.0
182,187,4.7
200,164,3.6
82,198,2.9
66,130,5.0
85,108,3.8
104,19,4.8
157,189,3.5
84,140,3.3
66,99,4.4
104,180,3.0
39,186,2.7
55,60,3.6
111,58,5.0
119,33,2.7
176,16,3.7
183,161,4.4
1,117,3.3
93,178,3.9
191,8,3.3
179,24,4.0
58,133,2.9
125,4,3.6
82,173,4.5
119,5,2.5
79,82,3.3
54,40,2.5
29,69,4.7
135,123,4.1
38,80,3.4
79,4,2.2
125,63,2.9
121,146,2.9
46,41,3.3
134,107,2.3
72,137,3.0
104,107,3.9
172,167,3.4
82,194,3.1
108,18,3.7
166,57,3.9
111,30,3.4
141,3,2.6
194,114,2.4
121,56,2.2
67,135,4.1
147,25,3.2
1,76,4.4
25,66,2.9
106,19,2.7
167,114,3.7
6,125,4.4
68,196,1.9
99,61,2.7
27,130,3.1
55,17,3.8
94,155,2.4
197,139,3.3
176,31,2.3
164,130,3.1
107,134,2.4
114,157,2.8
110,12,4.8
126,155,2.7
196,177,2.7
53,28,2.6
86,174,3.5
182,78,2.8
1,195,3.7
194,147,3.4
186,156,3.3
98,32,2.4
15,14,3.6
77,160,3.9
28,52,2.0
14,65,2.8
126,171,3.3
53,52,4.0
15,153,3.4
167,1,4.4
141,198,3.3
37,106,4.0
54,103,2.6
146,87,3.5
71,122,3.3
189,45,2.5
135,43,4.3
77,74,2.6
130,34,2.9
39,16,2.8
43,55,4.3
98,181,3.1
50,157,3.4
106,49,2.7
91,124,4.5
161,41,3.1
188,189,3.8
71,7,4.1
138,81,4.1
182,191,4.9
9,32,2.4
105,124,3.3
194,157,2.7
102,61,3.1
75,16,3.0
5,40,4.0
153,143,4.3
52,144,2.8
98,46,2.8
119,192,3.8
94,87,2.0
151,89,2.5
117,117,5.0
189,117,3.0
169,14,4.7
117,74,2.4
83,131,3.0
162,126,3.4
35,36,3.0
13,118,2.5
164,175,3.9
149,147,2.0
97,143,4.5
131,139,3.1
180,122,2.8
10,47,3.0
123,120,3.4
86,194,3.0
111,109,3.7
117,129,3.5
155,37,4.4
136,61,3.7
127,51,4.1
187,199,2.8
174,154,3.6
78,75,3.4
16,198,4.1
15,66,4.5
111,2,2.7
138,59,3.5
181,5,3.4
123,12,3.6
9,137,3.7
172,169,2.7
194,61,4.4
54,142,2.5
106,98,3.6
109,17,4.8
161,133,4.5
149,26,2.2
133,98,3.1
171,91,2.4
76,24,4.5
10,131,3.5
111,45,2.2
6,127,3.3
66,5,3.1
98,15,3.7
142,128,2.2
90,165,2.3
32,45,2.5
185,19,2.7
194,160,3.1
21,7,4.2
96,33,2.1
87,38,2.9
15,89,2.5
122,29,5.0
80,147,3.1
117,131,3.2
171,75,3.6
41,58,2.9
85,53,2.9
164,156,4.5
127,18,3.0
52,145,3.9
78,107,3.6
164,52,3.3
194,116,2.0
30,65,2.7
46,27,4.3
149,170,3.3
100,93,2.3
157,28,3.1
119,119,3.1
188,127,2.4
47,190,4.0
66,125,4.5
106,155,2.1
180,134,1.7
165,139,3.9
132,190,4.3
79,67,3.5
82,175,3.3
9,128,3.5
148,68,3.0
100,27,4.6
1,62,4.9
164,199,4.2
190,163,2.8
158,29,3.2
107,77,3.8
103,171,3.7
32,32,2.4
10,9,2.2
50,30,3.4
27,149,2.7
76,81,3.2
110,47,3.5
194,92,3.8
37,141,2.8
28,145,3.6
160,117,3.6
49,159,2.9
18,90,2.1
76,72,3.6
163,192,2.9
190,107,2.9
144,146,3.0
48,28,3.3
163,126,3.5
113,158,4.4
167,194,4.0
194,153,2.4
112,166,4.3
102,59,1.9
154,175,2.9
24,55,3.1
8,173,3.7
64,57,3.1
126,127,3.7
72,90,3.6
27,24,2.9
140,92,3.8
185,110,3.0
82,10,3.1
24,149,3.1
62,93,3.2
4,127,4.1
142,193,3.8
8,93,2.4
18,61,4.3
20,144,2.2
118,8,4.6
186,71,4.3
113,109,2.6
159,47,3.4
181,120,3.0
25,95,2.7
96,167,2.5
132,40,2.6
52,112,4.4
72,91,2.8
151,67,2.5
40,18,2.8
17,21,3.6
1,151,3.2
89,99,4.7
176,84,3.3
181,78,1.7
129,5,1.9
24,79,3.0
122,182,3.5
132,133,4.2
158,69,3.3
2,164,3.4
83,102,2.5
111,42,2.9
53,193,2.8
20,130,3.5
189,187,3.7
195,52,3.0
17,99,3.9
193,68,3.1
4,199,2.8
8,90,3.1
136,157,3.5
26,153,2.6
65,25,2.4
128,109,4.0
119,180,2.2
148,38,2.2
180,175,4.7
63,27,3.4
158,83,2.8
152,180,2.8
115,147,2.6
177,33,2.4
164,79,3.2
166,134,2.6
38,43,3.2
131,11,5.0
102,74,2.9
151,82,2.4
2,84,2.4
193,139,3.6
109,186,3.3
123,37,4.6
114,82,3.2
36,101,3.7
99,165,3.9
177,99,2.6
134,104,2.4
47,68,2.4
123,127,3.4
177,44,2.3
171,40,2.9
56,49,3.1
166,103,2.9
42,44,4.5
120,136,4.4
82,54,4.2
85,148,2.8
91,30,4.0
164,37,4.3
92,67,3.3
116,110,3.6
133,79,3.6
186,143,3.9
167,178,2.9
19,190,4.6
127,160,4.5
9,98,2.9
132,150,4.4
165,133,3.2
109,195,3.3
148,33,3.1
25,177,2.0
137,146,2.5
100,28,3.0
31,68,3.6
99,107,2.4
8,119,4.1
51,55,4.1
60,188,4.1
108,111,3.8
144,74,4.4
161,142,3.9
137,150,2.9
107,170,2.5
102,165,4.1
99,131,3.1
190,85,3.3
36,143,3.6
190,126,2.4
188,37,3.9
142,79,3.1
18,105,2.9
163,99,2.6
25,74,2.0
26,43,3.5
36,28,3.5
183,190,3.4
148,173,2.7
60,87,4.0
109,129,2.8
60,9,2.9
120,168,2.4
70,36,3.4
105,4,2.9
16,190,3.2
31,189,2.5
194,72,3.1
163,147,3.3
176,160,3.0
1,67,2.5
74,121,3.2
95,5,3.7
12,66,3.1
119,147,3.7
42,151,4.8
143,45,2.8
29,26,3.1
134,7,2.2
185,128,3.9
196,108,2.8
53,61,5.0
62,86,2.9
96,175,2.9
66,140,2.8
102,148,3.0
192,5,3.2
86,12,2.6
74,149,3.5
57,132,3.4
178,185,2.4
29,140,3.1
95,161,2.4
121,73,3.6
131,22,3.4
44,127,2.7
37,180,2.7
35,116,2.7
171,76,2.5
196,45,4.5
200,61,3.1
53,1,2.8
26,72,3.8
138,94,4.3
170,139,2.8
61,11,4.9
39,190,3.3
161,35,3.8
92,95,3.7
164,56,3.2
190,37,3.7
182,12,2.8
13,183,4.5
141,143,3.5
188,1,2.1
108,145,2.3
100,91,2.5
122,127,3.1
69,153,3.5
169,149,2.3
162,13,3.0
143,180,4.2
129,9,2.9
120,139,3.8
41,195,3.0
164,121,2.8
105,2,2.2
194,188,3.3
102,14,3.9
190,4,2.0
97,161,2.3
189,178,3.2
179,137,3.0
45,80,3.4
99,106,3.8
158,148,3.5
111,43,2.5
82,179,2.7
128,50,3.1
91,21,3.4
97,159,4.0
89,113,2.2
135,128,3.2
103,43,2.6
113,188,2.4
8,135,2.8
126,122,3.0
105,134,2.5
62,154,2.7
82,165,3.1
109,51,3.6
135,49,4.1
137,34,3.3
34,24,3.7
135,94,2.9
28,141,4.3
106,29,3.4
198,137,3.7
6,140,2.9
151,85,3.4
89,195,2.6
89,185,3.4
58,37,2.6
12,179,3.5
19,19,3.2
107,133,2.9
154,197,3.1
119,96,3.6
109,40,3.1
107,123,3.4
114,99,2.9
170,2,2.6
46,196,2.7
117,57,2.1
131,85,4.5
166,90,2.7
53,101,1.6
63,19,3.4
169,127,5.0
105,167,4.9
127,199,3.4
107,2,3.5
191,102,4.4
157,120,3.8
76,37,3.3
35,177,2.8
169,5,3.8
100,99,2.4
188,7,2.7
14,163,2.4
120,4,2.9
141,108,3.3
55,22,3.5
196,84,3.3
121,116,2.3
64,134,2.1
77,186,2.8
53,128,2.1
45,163,3.3
91,58,2.7
91,144,3.5
190,153,3.3
150,140,1.9
71,171,3.8
149,120,3.5
58,142,3.2
175,97,3.8
46,142,3.5
37,30,2.9
8,18,3.1
23,38,2.7
91,184,3.1
192,86,4.4
140,54,3.3
168,96,5.0
182,37,3.7
164,99,3.7
141,113,3.6
87,155,4.7
109,144,3.6
134,192,2.4
171,104,3.9
116,183,3.3
158,186,4.7
11,112,2.0
89,110,2.9
55,131,3.2
28,170,2.7
200,200,5.0
181,165,4.4
178,115,2.5
5,114,2.9
118,16,4.4
113,46,3.2
133,200,2.9
179,76,3.9
129,33,3.2
109,3,5.0
133,191,3.1
76,32,2.9
91,195,2.5
175,49,3.6
21,83,4.4
7,132,3.8
90,188,4.0
155,190,3.3
51,70,3.5
177,157,2.9
146,112,1.9
43,129,3.7
56,30,2.7
108,104,3.9
128,132,4.5
77,27,3.9
60,33,2.3
46,74,2.4
87,63,2.9
33,34,3.0
138,48,3.9
53,40,2.7
120,74,2.7
21,200,3.1
188,113,2.9
94,23,2.8
36,71,3.8
103,37,3.0
73,63,3.2
134,142,3.1
47,25,3.1
100,21,4.0
111,148,3.6
72,170,2.8
189,129,3.5
95,45,3.9
123,149,5.0
128,156,2.7
176,63,2.5
99,27,2.8
4,31,3.9
133,24,2.4
12,77,3.6
149,159,2.8
146,124,2.9
197,15,2.5
97,198,3.1
22,73,2.7
1,7,2.7
11,146,3.4
141,46,3.0
20,170,1.9
9,100,2.1
157,197,2.4
119,195,1.9
155,23,4.4
112,2,2.0
159,21,3.1
72,142,3.1
75,5,2.7
38,79,3.4
107,90,3.0
198,175,2.4
151,57,2.9
37,88,3.5
200,189,5.0
125,123,4.5
18,56,4.6
185,97,2.7
14,136,4.4
80,199,2.4
88,86,4.8
104,118,4.0
39,14,3.3
64,19,1.9
200,99,2.4
26,111,2.7
78,44,4.5
9,122,2.8
130,77,3.3
31,185,3.4
27,16,3.1
128,93,3.2
36,162,3.3
184,111,3.3
170,19,3.5
11,95,3.8
69,58,4.3
10,65,3.3
152,24,3.8
141,160,3.5
115,133,2.3
147,186,3.2
124,9,3.7
102,149,2.4
194,189,1.8
200,96,3.9
8,3,3.4
3,137,3.2
27,88,3.4
126,115,4.6
119,125,3.3
146,151,3.2
130,140,2.5
147,172,3.8
38,36,3.4
82,140,3.4
54,152,2.9
84,197,3.8
103,2,4.8
190,111,3.1
128,78,3.9
132,71,3.0
159,145,4.1
69,84,2.5
69,12,3.5
194,133,3.5
77,81,3.1
32,174,4.5
12,99,4.6
140,199,3.4
34,49,2.2
31,197,2.3
138,195,3.8
127,58,4.5
82,28,3.7
190,96,2.4
21,166,3.3
147,148,4.2
143,173,3.4
58,176,3.5
10,157,3.6
53,25,2.4
38,166,2.9
9,132,3.8
126,66,2.8
132,108,4.4
145,37,4.3
121,38,3.2
135,78,2.7
38,177,3.5
57,21,3.6
124,47,4.7
42,187,2.6
176,124,3.2
56,108,2.8
72,195,4.5
145,162,2.7
138,51,3.6
39,144,3.5
176,157,3.3
181,121,3.6
101,64,3.1
35,40,3.6
138,5,2.4
46,21,4.8
6,167,2.7
82,71,4.3
178,47,3.8
183,73,3.0
150,139,2.4
193,32,3.4
143,81,3.5
96,81,2.2
106,113,3.4
163,138,3.3
136,64,4.0
150,66,3.8
12,70,3.7
44,49,2.6
13,46,4.3
99,48,3.4
115,180,4.0
108,2,3.7
119,23,2.1
65,181,1.2
109,162,5.0
119,101,3.0
167,174,3.2
12,149,4.5
126,149,3.7
34,160,3.3
124,117,3.1
46,26,3.6
199,106,5.0
43,43,1.8
137,31,2.1
192,25,3.7
149,113,2.5
186,108,3.8
59,61,3.9
168,83,4.2
172,114,2.8
150,179,3.4
94,19,2.9
66,17,3.9
9,189,2.7
106,56,3.5
5,93,3.5
198,75,2.2
53,22,3.6
118,185,3.4
115,62,2.8
174,188,2.5
195,83,3.3
3,31,1.9
94,187,2.8
58,22,4.5
130,156,2.5
172,61,4.7
74,26,2.5
38,169,3.8
134,153,2.2
9,17,3.6
15,65,3.9
2,53,3.5
133,142,2.3
4,77,3.7
74,96,4.0
145,127,3.1
31,14,5.0
177,62,2.7
115,24,4.5
9,71,3.2
54,52,4.5
105,33,4.3
54,57,3.9
14,45,3.2
167,146,2.3
42,176,4.1
54,58,4.2
190,130,2.5
196,87,3.6
190,164,3.0
124,106,4.1
166,139,3.1
100,109,4.0
191,124,3.3
40,37,5.0
131,67,3.0
165,173,2.3
195,57,3.0
194,96,4.3
118,135,3.0
147,171,3.6
55,200,2.8
174,95,2.5
47,152,3.2
47,78,3.7
123,103,3.2
138,154,2.3
195,67,2.8
157,27,3.7
176,42,3.4
55,177,2.6
134,145,3.0
6,54,2.8
54,90,3.2
5,67,3.4
10,175,2.5
25,157,3.3
21,72,3.0
165,6,2.6
138,23,3.3
118,163,3.0
105,189,2.8
72,51,2.9
40,142,3.8
98,136,2.4
39,83,2.8
159,114,2.6
52,11,4.2
149,59,2.4
48,1,2.7
48,48,3.2
128,57,3.0
155,119,2.1
84,18,2.1
95,70,4.7
142,66,4.3
183,53,3.4
148,85,2.6
136,50,4.5
102,151,3.3
163,76,3.6
29,11,3.2
152,150,2.5
34,121,3.0
40,106,3.1
78,175,3.5
60,39,3.2
64,24,2.1
187,20,2.9
4,87,3.2
85,163,3.8
87,73,3.2
143,88,1.7
93,96,3.5
76,58,2.6
89,180,4.1
57,13,4.8
4,25,3.5
154,154,3.1
108,161,2.6
169,4,4.3
50,88,3.8
175,127,3.0
190,169,3.9
5,129,2.8
16,41,2.9
19,74,2.7
165,129,4.9
120,24,3.9
185,198,4.5
41,74,3.2
3,100,4.1
132,39,2.1
39,60,3.3
128,7,3.7
134,54,4.0
74,112,3.1
6,89,3.2
9,74,2.7
56,65,3.7
98,59,3.4
87,6,3.6
105,136,2.9
167,14,3.7
13,192,5.0
87,78,3.4
149,130,3.9
105,192,3.0
30,124,4.6
143,165,3.6
7,31,2.6
54,182,3.4
163,28,3.0
182,124,2.8
63,125,3.0
30,194,2.7
114,182,2.0
113,114,3.5
133,111,4.0
43,74,2.3
92,37,3.3
112,160,4.1
175,13,3.1
63,116,3.9
187,183,2.8
33,33,4.0
31,18,3.2
102,62,2.4
83,178,2.5
85,87,3.1
71,159,2.6
65,164,3.3
53,66,3.9
86,74,2.2
97,164,2.7
159,138,3.9
187,9,3.5
78,24,3.6
2,62,2.8
53,31,3.3
192,123,4.6
130,66,3.2
80,153,1.7
186,133,3.6
46,65,2.8
89,39,3.9
83,84,3.1
1,192,3.1
61,104,4.0
71,37,2.1
92,16,2.2
97,39,2.7
117,181,3.5
74,87,3.4
142,102,4.0
72,30,3.5
55,150,3.5
89,132,3.3
120,176,3.3
196,34,3.5
96,161,2.5
87,59,4.6
190,16,2.9
102,81,3.3
30,55,3.4
34,151,2.9
91,5,3.0
190,127,2.2
158,157,3.7
132,90,2.3
127,25,3.8
33,157,2.8
58,156,3.2
131,63,2.8
80,115,2.6
6,34,2.9
3,194,2.2
71,169,3.8
89,67,2.4
132,101,3.3
80,25,2.1
75,29,2.5
67,146,2.0
144,114,3.3
56,164,3.1
151,128,3.1
97,179,3.1
170,189,3.3
107,146,2.0
162,55,4.2
145,81,4.4
193,185,2.5
128,87,3.4
15,117,2.9
175,169,2.3
7,92,3.5
192,29,3.7
24,167,4.7
124,36,3.2
37,128,3.2
5,74,3.2
180,146,2.8
179,51,3.9
23,138,3.3
93,137,2.8
10,20,3.2
9,180,2.6
117,118,4.0
152,188,2.4
113,129,3.9
11,23,2.5
106,128,2.4
190,43,3.1
164,73,3.9
41,41,5.0
87,79,4.3
161,119,4.2
124,15,3.1
33,85,3.4
13,158,4.1
116,181,2.4
10,129,3.9
153,67,2.7
161,193,2.7
173,49,2.2
54,76,2.8
118,79,3.6
88,132,3.0
30,167,4.9
69,86,3.7
71,189,2.2
106,57,3.7
61,82,3.1
77,1,2.4
9,62,2.8
72,41,2.5
178,172,3.0
19,135,2.8
139,136,3.5
155,174,2.9
91,150,3.3
13,150,3.7
58,128,1.4
178,165,2.6
21,105,3.3
147,159,5.0
139,70,2.8
131,40,3.0
191,139,3.4
75,161,2.4
187,110,2.7
56,190,2.8
51,124,1.8
125,121,3.9
136,155,3.5
189,156,4.1
3,126,3.6
150,85,2.1
76,192,2.9
48,104,3.4
158,104,3.0
136,46,3.8
153,116,2.4
119,16,3.5
125,140,2.2
24,186,3.7
66,36,3.1
126,37,3.6
152,30,2.5
60,8,3.7
48,69,3.6
195,81,4.4
52,3,2.2
192,19,2.9
3,185,3.2
53,14,3.1
27,127,3.7
123,146,2.9
193,116,4.2
87,198,4.1
78,105,3.3
120,105,2.8
146,155,2.0
197,163,2.6
142,28,2.3
3,24,2.9
119,131,3.3
187,151,3.2
72,155,2.4
71,66,3.0
84,58,2.8
20,191,3.1
97,19,3.2
24,142,1.9
156,47,4.4
135,186,3.6
150,133,1.9
164,128,2.2
2,51,2.9
152,53,3.4
37,65,2.7
196,152,2.5
91,28,4.4
69,158,4.3
1,39,2.0
14,93,3.0
87,179,4.5
83,145,4.1
12,56,2.5
78,133,3.9
102,122,2.6
144,150,3.1
181,3,2.4
98,20,3.3
51,99,4.1
30,48,3.7
173,100,4.0
92,138,3.4
135,152,3.3
174,181,3.6
166,81,3.2
3,106,3.1
86,6,2.3
147,49,2.2
53,7,3.0
6,101,4.4
98,200,2.7
125,132,3.8
192,104,3.9
67,91,4.8
110,165,2.7
174,29,3.3
198,6,3.6
94,137,3.7
112,199,3.0
165,192,1.8
50,4,3.7
27,183,3.2
187,122,2.6
100,173,3.4
52,170,3.5
154,96,3.0
86,123,3.2
62,67,5.0
99,98,3.1
68,81,3.9
97,57,3.1
65,96,5.0
171,10,4.4
87,21,2.6
70,171,4.6
8,31,1.9
112,191,3.3
130,37,3.8
137,178,3.5
194,98,2.4
67,57,3.4
166,179,3.3
129,152,3.0
4,22,2.9
185,38,2.7
172,175,2.3
162,32,2.0
84,47,5.0
34,116,3.6
119,48,3.1
177,10,3.0
179,168,3.3
93,46,2.0
122,92,2.1
32,25,2.9
199,178,2.1
35,88,2.4
50,78,2.9
4,149,3.0
131,90,3.6
2,18,3.3
184,103,4.0
98,194,2.7
28,121,2.7
178,198,3.1
164,160,3.0
116,20,2.9
180,108,2.9
32,98,3.8
66,162,2.8
180,11,3.2
151,121,3.3
197,96,3.1
84,127,3.7
52,77,3.3
54,134,3.6
67,48,2.6
94,15,2.7
100,80,3.0
39,187,3.0
55,81,3.7
157,35,3.5
15,144,3.2
172,192,3.0
14,17,3.4
173,1,4.0
195,188,3.8
73,173,2.3
140,108,3.0
30,109,4.4
198,70,3.4
198,71,3.4
123,104,3.3
10,60,3.7
195,84,4.7
33,143,2.9
57,82,3.7
32,191,3.6
70,199,2.4
11,74,2.0
165,131,2.1
48,11,3.2
142,47,2.6
31,131,2.6
29,98,3.3
196,61,4.5
100,10,4.6
58,11,4.3
79,2,2.8
173,136,4.5
21,153,2.8
121,168,4.4
82,77,2.8
76,42,2.9
40,175,2.6
73,89,3.2
107,56,3.0
114,139,3.6
113,197,3.6
172,35,3.3
163,66,2.7
108,12,3.1
136,167,3.6
166,137,2.8
122,125,2.6
181,58,3.9
10,51,2.7
43,28,2.9
62,84,3.0
142,78,1.6
160,119,3.4
173,154,1.9
73,2,2.9
125,199,3.4
126,196,2.8
195,160,3.0
122,73,3.4
100,50,4.6
110,159,2.0
194,200,3.6
111,193,4.6
141,80,3.7
149,61,3.1
171,157,3.5
47,84,3.8
33,97,2.9
199,193,3.1
63,167,4.0
31,76,3.1
138,62,4.0
90,123,4.2
33,28,4.0
190,86,2.6
46,77,3.1
85,100,2.2
174,65,2.5
76,147,4.7
190,124,2.8
88,196,2.4
71,45,2.3
111,137,3.5
63,198,2.8
189,82,2.4
106,172,3.4
167,101,3.2
188,173,2.4
155,138,2.0
48,2,3.1
43,139,3.0
143,127,3.5
120,37,2.7
177,101,2.4
157,187,3.3
130,185,4.3
191,146,3.5
164,158,4.1
100,102,3.9
126,50,3.1
55,36,3.6
182,85,4.0
85,91,2.5
102,199,3.8
165,120,3.9
136,77,2.9
100,167,3.9
183,46,2.6
134,193,2.1
7,28,2.8
65,44,3.6
75,123,4.1
181,84,2.0
187,118,2.3
155,170,3.0
175,54,2.5
121,127,4.7
26,81,4.3
6,184,3.6
185,51,3.0
2,80,3.3
169,79,3.2
89,47,2.4
164,80,3.3
49,134,4.8
110,116,3.5
180,147,3.0
66,2,2.7
145,89,4.2
141,137,2.8
88,20,2.4
75,173,3.6
107,158,3.8
28,153,2.0
88,18,2.6
157,105,3.7
80,89,4.3
19,94,4.8
50,129,3.0
8,1,2.3
165,149,3.6
163,187,4.1
20,117,4.2
189,27,3.3
174,136,3.9
37,38,3.7
185,138,2.4
14,131,4.9
48,4,3.3
68,157,2.8
28,12,4.2
19,41,2.6
182,45,3.6
69,10,3.6
46,58,2.7
169,197,2.4
22,78,3.5
119,80,3.7
41,60,3.3
84,34,4.7
150,64,3.2
189,109,3.2
188,93,2.7
112,80,4.3
144,145,3.1
187,182,3.4
131,118,3.4
11,182,2.4
47,192,3.6
72,136,2.9
116,73,2.6
127,1,3.5
38,56,4.1
105,9,2.7
118,192,2.3
121,184,3.1
166,138,2.9
6,166,3.7
62,1,2.5
98,164,2.8
21,158,2.9
104,35,3.4
85,13,4.4
106,71,3.3
35,91,2.0
63,174,2.7
10,153,3.0
134,127,1.9
49,184,2.3
174,78,2.9
38,42,2.9
51,65,3.0
199,7,2.6
153,55,3.6
144,62,4.7
135,171,4.0
49,84,3.2
112,25,3.3
152,39,1.2
103,147,3.0
60,117,3.3
44,95,3.3
96,28,1.7
154,47,4.1
84,79,3.7
137,166,2.5
108,177,4.9
96,156,3.7
70,105,2.5
181,60,2.6
151,48,3.4
67,11,3.5
54,199,3.5
37,99,3.3
175,193,3.8
94,85,1.9
72,10,2.1
11,126,2.5
177,158,3.5
67,79,3.3
12,132,4.2
120,194,3.3
75,30,3.2
3,180,3.0
190,158,1.7
63,133,4.0
126,164,2.9
153,149,2.6
183,172,4.3
113,31,2.8
187,18,2.3
71,14,3.3
178,43,2.7
102,84,3.9
116,7,2.8
107,23,3.1
196,135,4.0
123,178,3.2
105,63,2.5
7,118,4.0
115,112,3.2
79,3,3.5
142,170,3.8
181,65,3.8
49,126,5.0
111,19,3.2
45,195,3.0
159,129,4.5
163,181,2.6
99,26,3.1
101,76,3.3
167,81,4.5
161,158,2.2
179,90,3.7
139,43,2.8
102,17,3.5
86,24,3.3
21,181,3.0
177,14,3.6
139,36,3.8
31,109,3.7
28,99,2.6
90,21,2.4
167,59,2.5
31,101,2.3
16,116,2.9
60,40,2.3
163,34,2.9
23,23,2.8
128,41,2.4
133,118,4.7
150,181,3.6
28,87,3.5
117,77,2.8
83,195,4.0
29,3,3.2
184,59,3.0
155,193,2.3
141,195,3.9
197,180,3.3
51,46,3.8
184,112,4.9
161,138,3.4
105,71,2.8
168,85,4.6
20,44,3.2
156,90,4.6
158,181,3.7
7,72,3.6
126,17,3.0
185,107,2.9
139,45,3.9
11,70,3.1
77,43,3.2
180,69,2.9
30,76,3.6
186,85,3.1
54,130,1.6
148,123,2.8
104,4,5.0
75,66,3.1
26,116,3.6
147,89,2.6
38,120,2.3
14,132,2.1
71,193,3.2
163,98,2.4
192,106,4.1
196,27,3.2
91,138,3.5
50,189,3.7
150,158,3.0
37,122,3.6
165,163,2.6
181,175,4.8
122,9,4.1
198,11,4.6
8,104,5.0
48,150,3.2
5,103,2.4
159,121,3.2
167,107,2.4
89,37,3.3
133,60,3.8
119,82,3.1
4,48,3.3
93,52,3.3
93,81,4.0
98,137,2.8
110,193,1.9
182,75,4.8
128,118,3.2
152,160,2.5
90,131,3.3
108,123,4.3
64,33,3.6
79,109,3.0
43,16,3.8
150,142,1.8
58,175,3.2
69,59,3.6
167,164,2.3
145,179,3.2
13,145,4.2
30,56,2.9
116,16,3.4
38,69,3.9
42,119,3.1
197,152,4.3
30,90,2.3
130,130,2.5
31,60,5.0
117,65,2.7
67,39,3.2
127,193,4.3
44,64,3.6
163,92,2.3
155,132,1.9
50,186,2.9
1,172,4.4
37,71,3.5
35,127,4.8
118,160,3.4
103,149,2.5
64,123,2.9
131,52,2.2
193,179,3.5
71,149,3.2
102,78,4.0
128,151,3.2
182,21,3.6
156,165,3.9
153,171,3.1
62,55,4.8
44,118,3.5
138,89,4.2
133,27,4.8
185,58,3.6
197,200,3.5
14,81,2.0
42,75,2.7
59,69,3.4
198,181,3.5
37,169,3.4
91,100,4.0
119,167,4.7
68,44,3.2
195,180,3.9
2,118,1.7
81,20,2.4
32,130,2.7
111,191,3.2
25,97,3.7
37,143,3.0
152,21,2.7
95,187,2.6
8,132,3.1
57,163,2.6
32,35,3.3
29,119,3.1
54,9,2.1
193,76,2.6
122,141,3.4
10,113,3.1
60,7,2.5
112,118,3.5
111,5,3.4
27,6,2.9
146,31,3.5
189,62,3.7
123,181,4.2
122,155,2.9
156,1,2.6
28,193,2.2
66,178,2.8
86,27,4.2
141,45,2.3
130,64,2.8
79,65,3.7
74,175,3.6
89,101,2.5
42,48,4.0
59,116,4.8
112,21,3.1
199,38,1.9
134,176,1.9
9,82,2.7
62,76,2.7
179,33,3.6
12,80,4.2
174,134,3.9
87,43,2.6
97,183,1.5
48,34,2.6
45,141,3.0
162,172,3.8
31,32,3.8
58,163,3.0
73,97,3.7
160,129,3.1
73,45,4.7
3,122,2.0
162,179,3.7
107,58,4.6
45,161,2.3
99,77,3.5
29,58,3.5
126,48,2.8
181,33,2.4
4,135,3.5
22,42,3.2
76,108,2.1
87,119,3.8
126,7,3.5
69,156,3.8
36,133,1.9
61,59,2.8
115,33,4.5
121,139,4.5
117,66,2.6
51,80,5.0
41,162,3.1
135,147,2.6
32,8,3.5
152,176,3.3
1,41,2.2
16,30,3.9
146,158,3.2
22,169,3.4
103,78,1.8
127,86,4.7
133,8,3.9
164,159,4.5
49,62,2.4
187,190,2.3
103,25,5.0
96,191,3.1
173,95,5.0
147,166,3.8
104,87,3.3
192,62,3.2
171,48,3.5
20,147,3.0
72,103,4.0
126,70,4.4
199,52,4.2
77,103,3.1
172,92,2.9
131,25,4.4
97,190,3.0
47,28,3.6
165,30,1.8
90,109,3.9
6,46,3.5
110,119,3.0
167,62,3.8
145,191,2.6
96,93,3.1
183,18,3.6
159,177,2.4
98,94,3.7
156,86,5.0
96,20,4.4
27,161,2.2
86,67,3.6
34,170,2.8
36,95,3.8
23,104,4.2
12,163,3.9
70,147,2.3
113,184,3.4
129,198,2.5
147,11,3.1
137,190,4.0
130,18,3.2
148,190,3.1
52,69,3.3
82,89,3.8
46,7,3.6
73,178,3.0
15,18,2.8
94,6,2.4
128,187,3.7
8,184,2.1
55,95,4.7
69,21,3.3
109,179,3.7
116,147,3.2
19,20,4.0
162,186,3.5
102,107,2.3
51,190,2.5
96,45,2.0
32,114,3.9
59,81,3.5
104,44,3.8
149,54,2.6
1,71,4.3
15,166,3.9
133,138,3.7
147,79,2.7
70,17,2.6
144,127,3.2
26,140,3.2
199,45,3.3
76,87,3.1
27,143,3.4
104,123,4.6
35,9,2.8
58,105,3.0
3,10,3.1
140,109,2.4
166,126,3.5
9,81,3.1
159,200,2.5
89,182,2.5
8,91,2.9
159,94,2.7
31,172,3.9
174,62,2.6
200,77,2.7
43,78,3.8
93,191,4.0
124,46,2.8
156,119,3.8
75,199,4.2
183,117,4.1
146,144,3.6
46,187,3.2
88,57,3.2
60,73,2.3
184,32,2.0
180,60,2.8
37,115,2.9
23,119,3.2
24,131,3.2
2,15,4.0
199,5,3.0
117,139,3.8
31,167,3.1
122,191,2.7
18,195,3.7
103,14,5.0
164,176,5.0
40,157,3.3
160,2,3.3
2,82,3.6
135,89,2.6
129,19,3.3
156,32,3.3
174,90,2.2
85,105,3.8
80,16,3.5
26,200,2.9
182,131,3.3
20,134,2.1
77,198,3.1
57,160,4.0
42,171,4.6
32,68,2.0
127,188,2.7
26,4,2.7
155,158,3.2
191,164,2.8
131,7,3.0
5,7,3.4
156,138,3.0
134,33,3.3
52,60,3.2
176,138,4.6
106,27,4.1
124,82,3.7
190,166,3.5
38,12,2.7
56,11,3.0
175,195,3.6
97,75,3.3
118,155,2.8
142,63,2.2
28,118,2.0
87,2,3.6
111,72,3.2
155,18,4.0
22,8,2.9
96,66,3.5
181,157,4.3
61,75,2.7
40,156,3.1
23,20,2.7
39,78,2.1
10,30,2.9
79,63,3.6
24,31,2.7
80,179,3.7
51,193,2.8
83,192,3.0
121,66,3.6
20,19,2.8
64,193,2.8
126,183,2.2
190,101,2.3
125,108,4.9
87,199,4.3
200,44,3.3
72,109,2.9
165,80,2.5
159,19,2.4
99,170,3.9
134,181,2.7
18,63,3.8
89,40,2.2
45,162,3.0
176,19,2.7
48,200,2.2
28,79,2.5
175,191,2.8
85,88,2.6
100,3,4.3
194,152,2.3
121,16,3.5
97,167,2.6
131,38,3.5
158,98,2.6
175,179,4.6
198,185,3.2
190,192,3.4
74,150,2.7
154,64,2.4
141,54,2.3
145,152,3.5
153,165,2.9
96,19,4.2
93,129,2.6
91,136,3.2
15,108,3.1
35,166,2.6
190,9,3.3
29,78,2.1
66,155,2.3
34,51,2.9
174,140,2.8
53,127,3.2
133,131,2.6
64,10,2.9
139,161,2.4
158,130,4.7
166,23,4.5
173,21,3.1
159,9,2.6
81,52,2.1
176,189,2.9
200,139,4.7
11,105,2.1
117,167,2.6
134,45,3.4
11,8,4.0
51,116,3.2
9,108,3.1
38,82,1.4
57,197,3.8
37,161,2.7
88,116,4.1
159,144,4.7
169,154,4.1
20,124,3.7
12,145,5.0
103,44,3.4
93,64,2.7
115,174,2.2
162,67,4.1
138,153,2.0
100,105,4.5
15,36,3.3
171,108,2.9
158,25,4.6
176,120,3.0
60,53,2.8
66,63,2.6
117,55,5.0
55,171,3.4
64,133,3.2
20,62,2.7
45,8,4.6
144,101,2.9
24,48,3.7
187,81,2.9
187,102,3.0
13,58,2.2
92,200,2.6
154,130,3.9
16,126,4.2
194,34,1.3
65,16,3.5
126,14,4.0
93,190,3.0
111,48,4.1
83,77,3.8
13,172,3.2
121,133,4.0
12,87,4.2
48,52,2.4
154,48,2.6
19,10,4.5
21,194,2.7
166,173,2.9
73,112,2.7
64,29,4.1
55,30,2.8
170,147,2.9
84,48,4.2
4,74,2.5
175,95,4.2
56,63,4.4
111,123,3.2
150,73,4.1
145,200,3.1
158,127,3.0
41,25,2.9
1,10,2.9
15,24,2.9
88,156,3.0
153,39,2.3
80,185,2.1
137,141,2.8
158,85,2.7
119,58,3.1
129,49,3.9
200,67,3.3
172,38,3.2
87,107,3.9
97,196,2.3
129,196,2.9
161,122,4.2
81,118,4.1
138,47,2.9
148,64,4.4
183,156,3.8
98,128,2.2
44,40,1.7
22,60,3.0
146,72,3.3
157,176,3.1
1,8,2.1
43,36,2.4
21,96,3.7
135,121,3.6
39,79,3.1
117,11,3.6
118,23,3.1
170,126,4.4
37,35,4.4
135,183,1.8
115,131,2.1
144,68,3.2
156,24,3.0
10,163,3.3
167,49,3.4
110,25,4.5
33,84,4.2
174,195,3.8
73,196,3.1
195,176,3.7
174,107,3.1
78,53,2.1
192,152,2.2
49,173,3.1
120,166,4.4
26,101,2.9
138,67,3.9
97,61,4.8
52,162,2.4
109,123,4.4
105,56,3.0
4,56,3.1
16,119,3.6
153,26,2.0
115,138,3.4
168,47,3.7
17,183,3.1
28,58,3.3
145,14,4.3
15,109,2.9
10,96,2.8
18,89,2.7
82,199,2.5
146,38,4.2
173,56,2.8
55,190,3.7
20,128,3.2
55,142,3.2
200,49,2.3
167,72,3.3
83,71,4.7
174,169,3.1
188,47,4.3
15,50,4.8
24,174,3.8
94,74,2.2
153,79,4.6
45,51,3.8
128,128,4.9
18,187,3.3
102,158,5.0
1,183,2.4
74,132,3.4
197,33,3.8
7,171,4.5
24,161,4.1
58,139,2.9
172,96,2.8
62,49,2.2
46,124,3.4
47,55,4.1
200,161,3.5
29,89,2.4
43,144,3.6
167,95,4.7
178,23,2.1
1,129,2.2
147,146,4.5
71,140,2.0
101,88,3.5
27,155,2.5
119,183,2.5
107,135,4.0
167,176,3.6
112,168,2.9
92,153,3.1
180,50,2.6
93,54,2.2
104,80,2.6
114,108,3.2
103,126,2.8
1,111,3.2
116,157,2.8
198,95,5.0
69,5,3.5
78,118,2.0
120,120,3.7
8,158,3.4
164,125,3.3
97,181,2.9
80,85,4.0
184,170,2.8
1,110,3.4
187,41,3.9
46,101,4.2
172,10,3.0
136,27,4.0
183,119,2.9
5,44,4.9
104,97,3.3
58,88,2.7
188,188,3.0
99,147,2.9
54,33,3.2
62,68,4.3
53,64,3.4
36,176,3.2
187,121,3.0
84,152,4.1
149,88,2.5
145,2,3.8
96,108,4.3
48,181,2.9
54,66,4.1
102,27,3.4
137,50,2.2
126,116,4.9
108,70,2.6
57,181,3.9
13,96,3.8
129,38,4.3
33,29,4.0
116,115,4.1
52,138,3.6
140,73,3.3
23,152,2.7
103,117,4.7
20,37,3.0
92,39,2.7
68,172,3.0
10,27,2.7
72,78,4.3
196,164,2.3
144,119,3.3
20,111,4.0
190,26,3.6
117,137,3.8
89,160,3.5
147,188,3.8
35,117,2.7
153,103,2.6
119,88,2.1
11,13,2.9
193,56,3.9
4,143,4.0
9,72,2.4
184,156,3.2
62,151,4.4
179,87,2.9
152,98,3.4
185,77,3.1
186,194,2.8
134,99,3.5
150,164,3.0
83,139,3.8
33,8,4.4
47,119,2.9
2,20,3.0
114,35,2.9
37,138,2.9
19,103,4.5
187,179,2.9
119,114,2.6
74,47,2.9
158,63,1.6
12,90,3.6
158,12,3.2
124,2,2.4
143,93,3.7
199,83,2.9
28,164,3.5
129,87,3.4
199,149,3.4
123,182,3.1
12,143,4.0
193,181,2.6
96,23,2.3
9,187,3.0
53,82,3.5
138,56,2.5
66,40,2.0
95,10,4.4
107,41,3.3
155,109,2.9
118,10,3.9
124,11,2.0
47,65,2.7
62,153,3.2
127,66,3.2
59,62,3.9
32,184,2.8
9,165,2.5
102,150,3.1
197,35,3.3
51,51,2.5
73,129,4.0
30,82,3.5
102,147,3.5
99,191,4.6
17,106,3.4
95,124,3.8
180,34,3.2
83,27,2.3
167,161,3.5
16,65,3.1
97,89,3.2
73,18,2.6
185,87,1.7
128,137,3.4
31,182,3.0
63,8,3.1
25,113,2.5
162,35,3.7
131,179,3.9
148,29,2.4
134,161,2.8
179,20,3.5
2,125,2.7
58,148,3.7
38,141,2.4
122,198,2.0
151,164,2.8
192,141,4.1
13,142,5.0
162,151,3.7
171,142,2.9
160,188,4.2
109,8,3.4
10,4,2.6
36,53,3.0
54,136,2.6
6,107,3.4
53,166,1.9
164,19,3.0
109,92,2.8
180,107,2.5
164,28,4.8
85,155,3.1
198,173,3.0
11,101,3.0
93,47,2.5
15,193,3.6
26,182,2.5
161,6,2.2
2,124,2.5
180,6,2.6
102,111,2.1
35,3,2.5
57,198,3.3
70,115,3.4
171,7,3.0
116,69,3.8
97,94,3.4
183,142,3.4
152,47,2.6
159,35,4.0
52,31,3.7
168,79,4.1
154,170,2.2
126,69,3.9
59,106,2.7
88,115,4.2
45,71,2.8
116,68,3.8
102,171,4.6
97,155,2.7
115,163,2.5
157,151,2.5
95,59,5.0
64,90,2.5
84,50,4.4
99,154,4.2
118,144,2.9
78,122,2.2
84,159,3.0
196,166,3.0
5,151,3.7
21,63,2.9
160,130,2.6
18,111,3.1
158,38,2.9
49,7,3.3
69,200,3.2
75,3,3.6
12,126,4.0
199,183,4.0
42,94,3.0
145,139,3.4
140,39,5.0
125,124,3.8
147,74,2.9
6,69,3.0
89,32,2.1
85,154,3.7
199,179,3.9
33,125,3.3
185,18,2.7
68,189,3.2
173,193,2.1
117,23,2.2
75,90,2.9
110,90,3.4
123,16,2.7
172,1,2.6
66,25,2.9
36,127,3.7
187,126,4.1
115,78,4.3
90,196,4.7
168,78,4.3
145,56,1.3
64,184,3.0
135,91,1.8
183,184,2.8
18,182,2.4
179,143,3.8
134,154,2.8
97,193,2.1
121,58,3.1
116,39,4.4
76,28,3.2
135,79,2.8
185,95,4.1
180,53,3.4
158,132,3.7
40,93,3.3
132,120,3.7
116,111,4.5
32,106,2.4
76,47,3.4
116,25,3.1
52,64,3.1
87,125,2.3
95,142,2.7
182,140,4.0
125,158,3.5
19,199,4.5
120,100,2.9
119,120,3.0
107,97,3.9
103,161,2.3
10,199,2.4
176,197,2.8
97,103,1.8
150,72,3.2
44,16,2.4
170,185,3.5
104,9,4.4
144,174,3.1
20,106,3.6
194,11,2.9
123,59,4.9
85,136,3.1
112,113,3.3
57,185,3.4
36,134,2.4
4,173,3.3
66,60,3.1
104,89,3.9
100,9,3.6
136,55,3.5
110,109,4.1
142,155,4.6
163,18,4.2
180,88,2.4
111,147,5.0
27,146,2.2
187,4,3.2
191,108,1.4
134,30,2.3
146,162,3.4
199,102,2.9
30,160,4.6
146,51,3.0
18,62,4.3
176,28,3.5
52,15,2.3
47,34,2.7
121,132,4.3
166,10,4.3
142,117,4.3
19,200,3.9
186,109,3.9
193,4,3.0
18,32,2.8
177,143,4.3
114,119,2.7
198,98,4.8
181,53,2.2
196,33,3.3
20,145,3.6
69,9,2.5
156,46,3.2
102,91,3.1
141,168,2.6
90,184,1.3
92,96,4.5
125,72,2.8
200,118,3.0
143,21,3.7
128,25,3.4
152,19,2.8
172,174,3.7
186,198,3.2
17,32,3.8
64,63,2.8
111,139,4.2
85,24,3.4
129,4,2.5
102,116,2.7
127,125,3.7
85,172,3.1
106,179,3.0
3,116,3.2
2,1,3.2
146,8,2.9
149,176,3.8
84,151,3.1
152,66,2.8
144,81,2.9
81,153,3.1
40,191,4.9
41,43,3.6
14,145,4.0
169,13,5.0
7,143,2.9
141,64,3.1
147,62,2.5
126,163,3.1
28,102,2.2
200,102,3.0
149,148,3.3
130,25,3.9
47,54,2.4
19,156,3.4
101,28,2.5
146,199,3.3
167,131,3.0
146,157,3.1
34,32,3.5
87,114,2.9
131,160,3.3
53,121,3.0
189,198,3.6
22,97,4.0
182,88,4.1
186,145,3.2
36,183,3.4
45,45,2.8
24,151,2.8
27,54,3.8
44,190,3.3
88,56,2.5
163,57,3.0
160,156,4.3
198,80,3.9
9,9,3.2
168,144,2.7
95,73,3.5
89,81,3.7
6,63,3.6
160,190,4.9
143,194,4.0
14,118,2.9
23,157,2.8
185,119,3.6
38,16,3.7
89,18,4.4
98,13,3.8
44,37,3.0
160,148,3.7
155,147,3.0
12,106,3.3
5,58,3.1
16,113,3.7
77,185,3.5
186,78,3.9
84,26,5.0
162,170,2.8
5,22,3.8
42,195,3.7
130,139,2.6
45,70,3.2
52,130,3.0
3,186,3.9
28,134,3.6
61,141,4.5
185,111,2.5
161,45,3.3
170,134,3.7
7,198,3.4
148,183,2.5
10,78,3.3
136,171,4.7
81,50,2.8
155,115,3.0
97,6,3.5
131,4,4.7
115,68,2.5
33,26,4.0
37,95,2.3
89,107,2.5
51,67,3.5
190,115,3.3
159,179,3.1
34,6,3.1
109,199,2.4
102,86,4.2
40,54,2.8
22,148,3.5
183,118,3.8
5,168,3.1
200,122,2.8
180,80,3.4
4,148,4.0
31,162,2.4
169,47,2.7
68,69,3.7
128,179,4.0
135,22,2.9
65,192,3.8
131,74,1.6
71,88,2.8
97,146,3.2
158,42,2.9
175,161,2.7
89,137,2.6
167,104,2.9
168,155,2.3
14,2,3.2
115,164,3.4
92,75,4.4
101,1,2.8
57,10,3.4
129,143,2.9
27,71,3.3
22,84,4.5
183,42,2.4
162,41,3.4
181,2,3.0
86,90,3.0
198,78,4.2
19,99,3.2
167,123,3.9
72,84,4.3
142,29,3.4
34,159,1.8
199,129,3.9
25,104,2.6
34,94,3.0
73,107,3.0
23,76,3.6
106,157,2.5
63,157,2.4
184,17,4.8
47,102,3.7
35,136,5.0
190,18,2.6
189,86,2.8
67,111,4.1
78,12,2.1
141,74,2.9
127,45,4.2
188,184,4.2
187,76,2.0
110,156,3.1
93,80,2.7
71,55,3.2
60,187,3.6
3,83,3.0
80,137,2.1
56,98,2.9
16,76,2.5
184,96,4.5
46,171,4.0
77,175,2.4
173,9,3.2
54,31,3.1
39,88,3.1
188,2,2.7
141,47,3.1
123,73,4.9
151,193,3.1
18,164,3.1
195,147,3.2
8,81,4.2
190,84,3.0
172,3,2.5
19,167,3.3
79,22,3.5
76,34,2.5
11,30,3.9
77,33,4.5
161,44,3.8
99,50,3.2
24,22,4.0
102,134,3.3
45,140,3.8
140,12,3.2
40,32,3.6
72,79,4.7
56,193,3.3
43,193,2.9
109,61,2.7
55,128,3.1
124,59,2.2
199,12,2.3
155,34,3.6
122,120,3.1
59,130,3.1
121,111,3.3
127,36,3.4
59,65,3.3
106,31,2.1
14,28,3.1
190,161,3.2
56,71,4.2
130,16,2.8
66,173,3.2
141,105,2.6
133,58,2.7
107,102,4.1
26,166,2.5
59,35,4.3
79,48,3.0
7,54,2.9
4,125,2.4
19,34,3.5
78,35,4.7
93,93,5.0
20,56,3.8
192,97,5.0
73,146,2.5
160,103,3.0
138,110,2.9
76,23,5.0
178,33,2.2
37,150,3.1
132,172,2.4
147,199,3.5
50,5,2.9
161,183,2.7
111,155,3.0
124,1,3.3
123,25,3.6
116,102,4.3
161,26,2.4
176,62,3.5
164,55,3.7
68,65,3.0
191,140,3.0
19,62,3.4
71,164,3.0
147,12,2.2
105,60,2.3
86,20,4.3
119,145,2.6
175,90,4.1
182,82,3.8
84,177,3.5
62,173,2.2
18,197,2.6
84,89,2.7
167,141,3.0
78,142,2.9
73,93,3.2
155,107,3.2
128,115,2.5
82,124,4.0
187,160,2.2
44,76,2.3
42,25,4.3
171,162,3.9
22,38,2.8
114,76,2.2
196,26,3.8
19,186,4.3
64,40,4.3
73,159,3.1
25,29,4.9
66,168,2.4
164,58,1.7
130,117,5.0
17,157,3.2
107,162,3.5
42,42,3.5
147,93,2.5
191,19,3.6
74,193,4.3
130,74,2.5
14,63,2.7
59,162,2.8
31,66,3.2
26,103,3.7
105,193,1.8
64,36,2.9
25,196,3.0
140,177,2.8
97,186,4.3
14,190,3.9
185,96,2.9
32,33,3.4
178,166,2.8
42,135,2.4
133,165,2.8
198,83,4.2
149,60,3.8
18,149,2.6
165,132,3.5
31,83,3.1
171,24,4.1
12,139,4.4
55,70,4.1
119,52,4.2
105,141,3.3
74,167,3.0
71,77,3.5
100,158,3.6
128,185,2.0
53,153,2.7
145,157,3.4
198,40,2.4
142,100,3.3
99,110,3.6
183,164,4.2
188,144,4.0
93,109,2.1
149,37,3.8
182,81,2.4
123,24,2.6
167,173,2.3
29,86,4.0
116,182,4.0
19,101,4.0
143,120,2.1
93,58,2.2
69,163,3.2
51,76,3.6
29,30,3.0
6,165,2.6
19,12,3.9
18,53,4.2
46,64,1.5
135,24,1.9
73,197,3.0
140,152,3.4
51,167,4.1
117,2,2.4
82,177,3.2
48,45,2.9
187,140,3.4
136,184,3.5
167,48,3.8
22,138,3.0
192,179,3.1
33,142,2.8
79,190,3.4
12,46,3.0
28,16,3.5
92,142,4.7
139,142,3.0
105,105,3.5
5,136,3.7
130,87,4.2
158,32,3.5
195,61,3.9
181,179,3.2
70,159,5.0
125,70,2.9
103,10,4.4
189,150,2.5
188,175,2.9
39,11,3.7
104,47,2.7
110,154,3.4
52,146,3.0
6,33,3.9
146,194,2.7
108,103,4.7
155,103,2.7
122,186,2.5
74,192,2.9
55,197,4.0
29,151,3.4
185,146,3.6
49,102,3.8
126,51,4.0
20,81,2.5
80,152,1.9
120,187,4.1
15,31,2.3
162,152,2.5
20,15,2.5
87,170,4.9
21,147,5.0
81,55,2.7
35,121,3.1
139,112,2.9
12,105,3.8
54,49,2.3
72,153,3.6
9,54,2.7
117,29,4.1
194,43,2.6
128,191,2.1
3,133,2.3
187,74,1.8
102,68,2.8
7,44,2.9
5,163,3.2
178,161,2.2
142,30,2.5
197,79,1.6
12,123,4.4
153,192,3.0
86,184,2.3
132,152,3.0
86,31,5.0
159,195,3.6
149,18,3.1
155,104,2.9
13,19,3.2
71,85,2.9
114,75,3.3
39,58,2.9
16,106,3.7
115,25,4.3
35,11,3.1
101,61,3.6
44,161,2.6
78,19,3.8
26,170,3.1
46,102,3.2
51,17,2.3
65,160,3.6
98,45,2.3
131,112,5.0
24,164,2.3
33,80,2.9
198,122,5.0
67,176,3.0
110,99,3.9
84,156,3.0
39,81,2.9
35,176,2.3
25,14,4.0
4,52,3.6
116,19,3.3
138,191,3.7
106,100,2.4
183,43,3.2
137,120,2.6
193,184,2.4
38,193,4.1
19,51,2.9
100,123,4.3
84,198,2.4
52,148,3.7
73,105,2.8
108,66,3.0
105,48,4.2
9,85,3.2
169,134,4.0
159,135,4.4
118,11,4.3
174,15,2.2
123,140,3.9
134,10,1.9
171,33,3.0
23,165,3.4
164,171,5.0
179,5,5.0
85,175,2.3
191,54,2.2
54,109,3.6
97,168,2.9
83,20,2.1
18,169,4.4
174,176,2.1
182,8,2.8
125,90,3.0
117,99,3.6
60,150,2.6
150,28,2.4
75,125,3.9
85,27,3.5
154,143,4.2
183,61,4.1
18,20,3.1
72,23,3.0
117,100,3.3
86,52,3.3
184,148,4.6
10,121,4.8
138,103,2.6
10,82,3.2
148,20,2.5
182,115,2.4
54,104,2.6
126,134,4.2
49,139,2.5
38,126,1.5
197,87,2.9
179,65,2.7
146,78,2.9
72,25,2.7
67,168,2.3
11,151,5.0
145,199,3.6
55,26,2.5
107,34,2.6
137,28,2.9
27,26,4.7
8,145,2.1
57,174,3.4
182,197,3.8
105,187,3.1
20,162,3.3
164,145,4.5
7,196,2.5
128,79,3.5
139,52,3.3
133,3,2.5
196,91,4.2
200,175,3.8
137,196,4.5
56,97,3.6
7,120,4.7
24,45,3.6
45,130,3.9
125,27,3.9
113,97,3.1
64,42,3.2
172,126,2.3
127,154,4.3
189,41,3.1
179,124,2.9
125,81,3.0
163,38,3.2
107,148,4.0
151,10,3.0
22,34,3.8
168,195,5.0
41,189,3.2
178,86,2.9
173,112,2.9
73,20,2.4
112,142,1.9
52,39,2.4
115,153,2.7
184,151,3.5
63,4,3.2
157,184,3.1
107,24,4.1
87,40,3.7
38,98,2.8
43,170,2.8
35,105,2.2
18,108,3.9
59,67,3.5
78,81,3.6
122,134,2.7
10,194,3.5
145,190,2.3
65,93,3.4
150,167,2.4
156,169,3.1
145,165,2.5
45,197,2.8
79,181,2.7
28,149,3.8
141,100,2.4
80,55,2.9
157,117,3.3
163,104,3.3
145,130,4.6
93,22,2.9
107,69,3.9
86,164,4.0
27,124,2.3
158,175,2.9
21,10,2.6
194,104,2.8
158,178,3.6
137,197,3.5
174,200,3.3
162,148,2.7
184,14,4.1
23,144,3.2
189,169,3.2
43,75,3.3
191,101,4.3
115,72,3.3
28,196,2.6
32,18,3.3
172,19,2.7
88,109,4.1
115,113,3.5
136,32,3.4
3,93,4.0
87,13,3.4
125,41,2.8
159,74,3.4
170,21,3.3
50,29,3.1
143,38,3.8
38,50,2.8
97,85,3.6
64,143,2.7
183,108,1.6
167,127,3.5
124,55,2.3
198,86,3.8
87,157,4.8
192,144,2.2
95,66,4.5
101,77,2.8
166,176,3.5
147,150,3.7
13,44,3.8
71,116,2.2
103,88,4.3
26,41,2.7
40,133,3.2
115,38,3.5
114,86,4.0
184,191,3.1
36,10,3.9
5,3,3.1
179,7,4.9
108,17,3.2
34,1,2.4
154,65,3.2
49,46,2.7
123,72,3.8
173,111,1.8
134,83,2.8
150,106,3.7
68,53,4.0
102,31,3.5
138,19,3.7
143,78,3.0
33,153,1.7
199,36,3.4
189,174,4.4
76,169,3.9
96,38,2.9
151,56,3.1
84,180,3.2
12,101,4.1
136,71,3.7
106,40,3.0
101,82,3.3
177,35,2.7
50,34,1.9
54,124,3.7
36,174,2.6
34,109,2.5
129,97,2.8
144,141,4.3
124,93,3.3
104,96,4.0
102,18,2.6
131,96,4.7
70,134,2.7
23,190,4.7
5,62,2.7
67,60,3.6
142,140,2.6
119,36,3.1
71,91,3.1
190,188,4.5
200,50,3.2
169,66,4.3
155,130,3.2
67,166,3.2
134,70,5.0
130,170,3.9
180,120,3.2
175,37,4.7
132,63,3.3
191,152,2.8
169,2,3.3
65,97,4.1
8,177,2.7
161,85,2.6
79,18,2.7
110,138,3.1
142,80,3.2
61,39,2.7
19,98,2.7
154,39,2.5
192,119,4.2
74,65,3.3
66,78,3.8
171,15,4.5
84,81,2.9
60,194,3.4
128,55,2.5
73,163,2.9
81,141,1.9
11,147,3.2
168,192,4.2
100,199,2.1
9,48,4.0
32,7,2.6
49,86,2.6
53,92,4.9
73,72,3.5
197,12,2.7
64,96,1.9
80,163,2.3
123,188,2.9
182,27,3.6
198,161,2.4
170,7,2.5
38,92,3.9
46,56,2.3
89,187,3.2
33,124,2.5
63,51,3.3
66,113,2.8
143,193,2.0
69,30,3.1
4,141,3.9
117,51,2.5
41,194,2.5
43,166,3.2
54,110,3.0
58,64,3.3
97,1,2.8
196,90,3.4
185,163,3.9
18,45,4.1
140,75,3.2
181,39,4.2
103,136,3.3
195,40,3.3
71,68,4.2
181,151,4.2
17,15,3.3
52,194,4.1
75,49,3.2
92,51,3.7
93,90,3.1
169,56,3.0
166,86,3.1
151,187,3.9
116,30,3.9
57,148,4.4
168,66,2.2
54,17,2.8
102,39,3.3
195,120,3.7
133,134,2.7
29,167,3.4
154,26,1.9
198,32,2.2
120,167,3.8
62,31,3.4
196,64,3.4
163,135,1.8
1,162,5.0
82,192,3.8
153,12,3.1
168,166,2.4
153,197,3.4
15,49,3.5
110,199,3.4
8,36,3.1
136,62,3.2
154,161,1.9
155,124,2.9
146,90,3.2
87,61,2.9
193,35,2.7
118,157,2.8
151,6,3.7
106,131,3.1
86,38,4.6
121,173,4.6
196,200,2.5
40,53,3.2
150,119,3.0
192,188,3.3
175,10,2.5
57,65,2.9
138,39,2.2
127,192,2.4
168,140,3.6
54,28,3.5
67,164,2.6
96,49,3.8
188,76,1.5
172,131,3.8
17,31,4.6
68,130,2.9
55,173,4.6
93,72,2.7
120,165,2.8
35,122,2.4
42,31,3.6
123,89,3.2
166,73,3.7
160,71,3.5
106,30,2.4
55,76,4.5
171,71,3.7
52,81,3.1
157,140,2.5
82,97,3.0
125,144,2.4
142,13,3.3
176,185,3.9
180,136,3.4
107,45,3.9
66,76,4.0
146,103,3.3
56,78,2.0
180,31,2.8
50,57,3.6
136,136,3.6
176,15,3.4
26,32,2.2
10,176,3.8
37,168,3.4
154,120,4.5
102,93,3.3
142,159,3.2
67,55,3.3
10,178,3.1
130,78,3.5
125,71,2.7
127,50,3.9
40,44,4.0
30,141,4.3
171,140,2.7
158,133,4.5
194,105,3.0
179,3,3.8
99,4,3.5
164,53,3.8
91,49,4.7
163,95,3.5
102,167,4.3
59,46,4.3
105,42,3.2
134,51,4.1
156,66,3.5
103,81,3.3
101,90,3.7
177,43,3.3
74,74,2.8
44,18,2.0
108,127,3.1
159,180,2.0
133,188,3.1
33,193,2.1
180,168,3.9
124,7,2.4
78,121,3.1
157,196,3.7
74,174,3.6
114,33,3.2
149,99,5.0
128,5,3.3
36,32,2.9
46,63,2.4
58,151,3.5
169,96,3.1
142,177,4.1
193,194,1.8
164,81,2.9
161,54,2.8
184,143,4.9
55,21,3.1
44,162,3.9
6,53,2.3
16,96,3.0
10,185,2.9
131,187,4.0
34,194,2.8
50,112,3.3
99,84,2.9
161,88,2.5
21,174,3.0
131,125,3.6
159,126,5.0
131,127,2.7
39,139,2.4
173,121,1.7
116,76,3.8
171,172,4.4
196,173,3.7
70,195,2.7
31,21,5.0
18,83,2.8
121,110,2.6
161,136,5.0
95,97,3.8
186,48,3.2
123,47,3.6
20,146,2.9
5,141,3.4
80,38,2.4
193,196,2.3
41,56,2.2
65,101,2.6
63,78,3.0
46,136,4.5
46,184,3.1
68,174,4.4
200,132,3.6
151,135,3.5
47,38,2.9
174,192,3.5
79,112,3.0
86,80,3.4
135,181,2.2
49,26,2.7
113,12,2.7
63,192,2.4
167,8,4.9
14,4,2.8
143,12,3.7
145,20,3.9
94,117,3.2
10,23,2.6
122,8,5.0
34,76,2.8
115,157,3.1
158,71,3.2
100,41,5.0
114,196,2.3
13,68,2.6
69,133,3.6
15,21,3.2
149,24,3.6
186,34,2.9
149,158,2.5
156,177,3.8
146,97,3.4
142,108,4.1
39,146,3.4
16,22,3.1
157,173,2.6
59,26,5.0
142,151,3.5
98,74,3.6
62,41,4.1
157,179,2.7
39,106,4.2
140,17,3.4
115,17,3.5
192,18,3.5
141,49,2.1
39,162,3.7
146,44,4.0
80,1,2.3
160,180,4.3
182,144,4.8
67,161,3.2
106,68,3.3
17,192,3.0
97,64,4.1
143,198,3.4
134,71,3.3
9,142,3.5
137,115,3.5
88,38,3.7
8,122,3.8
52,104,3.8
147,167,4.4
84,13,3.2
16,77,3.0
125,3,3.5
43,197,3.3
190,128,3.7
21,48,3.0
8,155,4.7
131,78,3.6
35,124,2.5
157,47,2.9
154,192,2.8
38,145,2.7
118,49,2.6
25,116,2.5
158,197,2.7
30,178,2.3
169,29,3.6
196,151,1.9
32,113,3.2
142,124,3.6
154,102,3.9
93,128,3.2
26,47,3.7
49,5,2.6
12,200,3.0
83,21,2.9
24,189,2.9
161,40,2.5
72,121,2.4
58,184,3.5
48,107,3.4
64,182,2.9
152,162,3.5
198,19,2.0
142,46,2.5
85,84,3.0
191,114,3.6
168,182,3.7
188,43,2.6
18,17,2.8
169,105,2.5
105,150,3.1
132,170,3.2
3,117,2.9
41,114,2.5
167,52,2.2
9,36,3.3
82,43,2.6
3,17,3.5
127,73,5.0
30,80,4.5
81,165,3.3
45,102,2.8
74,83,3.0
52,41,2.9
30,192,3.9
87,123,4.0
16,32,3.6
168,169,3.7
89,57,3.8
177,154,4.0
21,29,4.1
130,136,2.7
157,68,3.1
24,6,2.4
64,93,3.1
140,124,2.1
84,122,3.6
199,4,2.9
142,81,2.4
1,139,3.2
67,113,4.1
84,153,3.2
51,13,2.8
160,108,3.8
158,177,4.0
168,136,3.7
43,126,2.8
108,20,3.1
91,113,4.3
157,88,4.4
170,4,2.9
1,99,2.8
125,26,3.1
145,51,2.8
113,9,3.6
131,31,2.3
55,23,2.4
50,187,3.8
177,167,4.8
22,66,3.9
59,110,4.6
27,171,4.3
116,167,2.8
123,170,2.9
43,80,4.3
115,103,1.0
198,33,3.6
12,189,2.9
17,186,3.7
94,195,3.1
195,86,5.0
42,79,3.3
28,27,3.3
81,24,4.1
169,176,3.9
103,125,4.0
96,146,3.3
193,28,3.6
107,183,4.2
192,191,2.3
95,189,2.5
40,112,3.2
124,57,3.4
36,129,3.6
61,88,3.3
111,112,3.4
191,118,3.0
73,28,4.1
156,194,3.8
62,196,2.8
137,175,2.5
179,18,4.5
88,118,3.9
100,132,3.0
19,154,3.0
61,97,3.4
161,155,3.0
66,148,4.0
115,60,3.6
67,102,3.6
81,32,3.3
67,99,3.2
138,66,4.9
77,78,2.0
11,21,2.5
45,185,3.0
165,65,3.0
28,197,2.9
43,93,4.0
169,175,4.8
60,101,2.5
141,166,2.9
106,42,2.7
44,187,2.9
14,79,2.0
129,28,3.2
8,109,4.0
46,193,2.3
42,40,3.5
192,77,4.0
191,18,4.2
179,58,4.4
61,1,2.8
